post,http://dront.ru/news/1003/,"Итоги ""ПЕРЕрождения отходов"" в Нижнем Новгороде","
<p><strong>Вот и подошла к концу кампания<span style=""margin-right: 0.3em""> </span> <span style=""margin-left: -0.3em"">«</span>ПЕРЕрождение отходов», о<span style=""font-size: 10pt;"">рганизаторами которой выступиили Министерство экологии и природных ресурсов Нижегородской области и Экологический центр<span style=""margin-right: 0.3em""> </span> <span style=""margin-left: -0.3em"">«</span>Дронт».</span></strong></p>
<p><strong><span style=""font-size: 10pt;""><img src=""http://dront.ru/images/news/2013-10-08/IMG_4765.JPG"" alt="""" width=""400"" height=""600""><br></span></strong><span style=""font-size: 10pt;"">К</span><span style=""font-size: 10pt;"">ампания включила в себя шесть публичных акций, которые прошли в разных районах Нижнего Новгорода с 24 августа по 6 октября. Разноцветные контейнеры для макулатуры, пластиковых бутылок и алюминиевых банок побывали за это время у Нагорного универмага Советского района, на площади Ленина, на Заречном бульваре, у Театра юного зрителя, в зоопарке Лимпопо и у Автозаводского универмага.</span></p>
<p><span style=""font-size: 10pt;""><img src=""http://dront.ru/images/news/2013-10-08/IMG_4707.JPG"" alt="""" width=""400"" height=""600""><br></span><span style=""font-size: 10pt;"">Наконец-то во время заключительной акции — 6 октября, на Автозаводе — природа порадовала участников солнцем, синим небом и золотом листвы. Погода как нельзя лучше соответствовал</span><wbr style=""font-size: 10pt;""></wbr><span style=""font-size: 10pt;"">а атмосфере праздника, а именно ее каждый раз старались создать организаторы, чтобы проблема отходов ассоциировалас</span><wbr style=""font-size: 10pt;""></wbr><span style=""font-size: 10pt;"">ь у нижегородцев не со свалками, а с современными, красивыми решениями. Такими же красивыми, как наши яркие контейнеры для раздельного сбора, и как яркие разнообразные вещи на нашей небольшой выставке, произведенные из отходов, с маркировкой<span style=""margin-right: 0.3em""> </span> <span style=""margin-left: -0.3em"">«100</span>% recycled». Кстати, все эти товары, от голубой толстовки из ПЭТ-бутылок до канцтоваров из вторичной пластмассы и картона, пользовались<span style=""margin-right: 0.3em""> </span> <span style=""margin-left: -0.3em"">«</span>неутоленным спросом»: ну, что поделать – продавать выставочные экземпляры не входило в планы организаторов! А вообще такие вещи можно купить если не в нижегородских супермаркетах, то в интернет-магаз</span><wbr style=""font-size: 10pt;""></wbr><span style=""font-size: 10pt;"">инах.</span></p>
<p><span style=""font-size: 10pt;""><img src=""http://dront.ru/images/news/2013-10-08/IMG_4434.JPG"" alt="""" width=""400"" height=""267""><br></span></p>
<p>Отличием данной кампании от прошлогодней стало активное участие детских образовательны<wbr></wbr>х учреждений. Более тридцати пяти школ и детских центров приняли участие в акциях. Собственно, и сами акции, несмотря на легкий развлекательны<wbr></wbr>й характер, являются интенсивными образовательны<wbr></wbr>ми мероприятиями. За пару часов школьники узнают много нового о повседневных вещах и материалах, в частности, упаковке — и благодаря участию в экологических викторинах, и в настольной игре<span style=""margin-right: 0.3em""> </span> <span style=""margin-left: -0.3em"">«</span>ПЕРЕрождение отходов».  Даже коронный конкурс<span style=""margin-right: 0.3em""> </span> <span style=""margin-left: -0.3em"">«</span>Кто сильнее сожмет ПЭТ-бутылку» имеет большой экологический смысл – теперь ребятам ясно, как важно сделать так, чтобы мусоровозам и сборщикам вторсырья не<span style=""margin-right: 0.3em""> </span> <span style=""margin-left: -0.3em"">«</span>возить воздух». Все участники и прохожие получают листовки с простыми советами по сокращению отходов и адресами приемных пунктов, и даже сами призы как на подбор экологичны – многоразовые бутылки для воды от производителя воды<span style=""margin-right: 0.3em""> </span> <span style=""margin-left: -0.3em"">«</span>Сестрица», термосы, экосумки, блокноты из вторсырья  и пр.</p>
<p><img src=""http://dront.ru/images/news/2013-10-08/IMG_4306.JPG"" alt="""" width=""400"" height=""267""><br><span style=""font-size: 10pt;"">Ну и, разумеется, лучшая учеба – практика. Участники расписывали свои экосумки, чтобы брать их с собой в магазин как альтернативу одноразовым пакетам, обменивались книгами на буккроссинге, и конечно же, на практике занимались тем самым раздельным сбором.  Вполне успешно: собрано более 2 с половиной тонн макулатуры, несколько десятков мешков ПЭТ-бутылок, а также около 40 килограммов использованных батареек. Последняя цифра наводит на размышления. Представляете себе 40 килограммов таких маленьких и легких батареек? Это больше 8 пятилитровых бутылей, заполненных доверху. А ведь могло бы быть… в тысячу раз меньше. Да, именно 1000 зярядок-разряд</span><wbr style=""font-size: 10pt;""></wbr><span style=""font-size: 10pt;"">ок выдерживают точно такие же, пальчиковые или мизинчиковые, но аккумуляторы, то есть перезаряжаемые батарейки! 40 килограммов батареек – это чуть больше тысячи штук. И эти 40 кг можно было бы заменить всего… 40 граммами, то есть одной парой аккумуляторов. С учетом затраченных природных ресурсов это более эффективное спасение природы от свалок, не правда ли? Вот такая экоматематика.</span></p>
<p><span style=""font-size: 10pt;""><img src=""http://dront.ru/images/news/2013-10-08/IMG_4295.JPG"" alt="""" width=""400"" height=""600""><br></span></p>
<p>Как выяснилось в ходе блиц-опроса<span style=""margin-right: 0.3em""> </span> <span style=""margin-left: -0.3em"">«</span>Что я делаю, чтобы производить меньше мусора?», такой вариант –<span style=""margin-right: 0.3em""> </span> <span style=""margin-left: -0.3em"">«</span>пользоваться аккумуляторами<wbr></wbr>» – популярен меньше, чем другие полезные привычки, например, использование энергосберегаю<wbr></wbr>щих лампам вместо обычных, передача ненужных вещей другим, покупка качественных вещей, чтобы они дольше служили, распечатка только необходимого. Некоторые сознательные нижегородцы берут в магазин пакеты или сумки, и стараются взять продукты с минимумом упаковки, что не так-то просто.</p>
<p><img src=""http://dront.ru/images/news/2013-10-08/IMG_4256.JPG"" alt="""" width=""400"" height=""267""><br><span style=""font-size: 10pt;"">Пожалуй, добавить остается только, что праздничную атмосферу дополняли великолепные плакаты на тему раздельного сбора, нарисованные школьниками, и громкие экологические кричалки, также придуманные детьми. 6 октября суть акций<span style=""margin-right: 0.3em""> </span> <span style=""margin-left: -0.3em"">«</span>ПЕРЕрожедние отходов» всего в нескольких словах выразили ребята из школы №  123:<span style=""margin-right: 0.3em""> </span> <span style=""margin-left: -0.3em"">«</span>Ресурсы Земли не беспредельны, уже собирайте мусор раздельно!»<br></span><span style=""font-size: 10pt;"">Партнеры акции — Дружина охраны природы ННГУ, общественная организация<span style=""margin-right: 0.3em""> </span> <span style=""margin-left: -0.3em"">«</span>Изменим мир», ООО<span style=""margin-right: 0.3em""> </span> <span style=""margin-left: -0.3em"">«</span>Исток НН», вода<span style=""margin-right: 0.3em""> </span> <span style=""margin-left: -0.3em"">«</span></span>Сестрица».</p>
<p><em><span style=""font-size: 10pt;"">Дополнительная информация: </span><span class=""wmi-callto"" style=""font-size: 10pt;"">8-906-36-29-66<wbr></wbr>4</span><span style=""font-size: 10pt;"">, Татьяна</span></em></p>
<p><em>Наша группа ВКонтакте: <a class=""daria-goto-anchor"" href=""http://vk.com/recycle_akciya"" target=""_blank"">http://vk.com/<wbr></wbr>recycle_akciya</a></em></p>
<br>

",2013-10-07,http://dront.ru/images/news/2013-10-08/IMG_4765.JPG|http://dront.ru/images/news/2013-10-08/IMG_4707.JPG|http://dront.ru/images/news/2013-10-08/IMG_4434.JPG|http://dront.ru/images/news/2013-10-08/IMG_4306.JPG|http://dront.ru/images/news/2013-10-08/IMG_4295.JPG|http://dront.ru/images/news/2013-10-08/IMG_4256.JPG
post,http://dront.ru/news/1004/,"Смертоносная забота","
<p><strong>Миллионы рублей город ежегодно тратит на вредные, с точки зрения экологов, мероприятия: многократное кошение травы летом и сгребание опавшей листвы осенью. Поэтому даже радует, что на благоустройств</strong><wbr></wbr><strong>о в городе выделяется так мало средств.</strong><br><span style=""font-size: 10pt;"">Работники администрации говорят, что на все денег не хватает. </span><a class=""daria-goto-anchor"" style=""font-size: 10pt;"" href=""http://newsnn.ru/news/108298"" target=""_blank"">В этом году из бюджета на благоустройств<wbr></wbr>о выделено всего 90 млн рублей. Если в 2010 году на 1 кв. м получалось 7 рублей, то в 2013-м квадратный метр обслуживают за 5 рублей</a><span style=""font-size: 10pt;"">.</span></p>
<p><span style=""margin-right: 0.3em""> </span> <a class=""daria-goto-anchor"" style=""font-size: 10pt;"" href=""http://birzha.ru/newspapers/birzha/classifieds/14069/?date=01.09.2013"" target=""_blank""><span style=""margin-left: -0.3em"">«</span>За такие суммы можно лишь один раз покосить траву да лавочки с урнами покрасить»</a><span style=""font-size: 10pt;"">, — говорят в управлении благоустройств</span><wbr style=""font-size: 10pt;""></wbr><span style=""font-size: 10pt;"">а.</span></p>
<p><span style=""font-size: 10pt;"">Так может быть, это и хорошо, что денег на<span style=""margin-right: 0.3em""> </span> <span style=""margin-left: -0.3em"">«</span>благоустройст</span><wbr style=""font-size: 10pt;""></wbr><span style=""font-size: 10pt;"">во» становится меньше? Может быть, они уже угомонятся в своем рвении, и действительно  будут косить газоны не 4-5 раз за сезон, а один? Или вообще бросят это вредное занятие? Для экологической общественности очевидно, что чем меньше наше управление благоустройств</span><wbr style=""font-size: 10pt;""></wbr><span style=""font-size: 10pt;"">а  получит бюджетных денег, тем меньше зла оно причинят городской природе.</span></p>
<p><span style=""margin-right: 0.3em""> </span> <span style=""font-size: 10pt;""><span style=""margin-left: -0.3em"">«</span>С деньгами там вообще происходит <nobr>что-то</nobr> странное, — удивляется Председатель Совета Экологического центра „Дронт“ Асхат Каюмов: Их не хватает на большинство расходов, важных для выживания живой природы в городе, например, на полив деревьев летом, на подкормку обестравленно-</span><wbr style=""font-size: 10pt;""></wbr><span style=""font-size: 10pt;"">обезлиственных газонов, на посадку нормальных, а не прутиковидных саженцев и пр. Но зато в выкашивание всего и вся, в оцветочивание и в сбор и вывоз листвы городские благоустроител</span><wbr style=""font-size: 10pt;""></wbr><span style=""font-size: 10pt;"">и готовы вкачивать все доступные им ресурсы. Создается ощущение, что у них есть несколько отработанных схем освоения денег и им они комфортны».</span></p>
<p><span style=""font-size: 10pt;"">Но наши благоустроител</span><wbr style=""font-size: 10pt;""></wbr><span style=""font-size: 10pt;"">и всегда найдут оправдание своим действиям, не возможно же признаться публично, что делаешь <nobr>что-то</nobr> не то.</span></p>
<p><a class=""daria-goto-anchor"" style=""font-size: 10pt;"" href=""http://newsnn.ru/news/108315"" target=""_blank"">Заместитель начальника управления по благоустройств<wbr></wbr>у администрации Нижнего Новгорода Елена Синева заявила, что<span style=""margin-right: 0.3em""> </span> <span style=""margin-left: -0.3em"">«</span>сбор листвы с городских газонов – дело обязательное, потому что листья за лето впитали в себя много вредных веществ и оставлять  листву на газонах ‒ значит, ухудшать и без того не очень благополучную экологическую ситуацию. Кроме того, слой листвы, если его не убирать с газонов, рассказывает Елена Синева, становится благоприятной средой для размножения вредителей».</a></p>
<p><span style=""font-size: 10pt;"">Как сообщила  Елена Варшав, зоолог,  кандидата биологических наук, доцент кафедры биологии, химии и биолого-химиче</span><wbr style=""font-size: 10pt;""></wbr><span style=""font-size: 10pt;"">ского образования НГПУ:  “Конечно, у себя в садах листву убирать надо, но ведь в городе растут совсем другие породы деревьев!  Полное изъятие листвы будет способствовать обеднению почвы на этих участках, далее, как следствие, и  деревья будут в угнетенном  состоянии. И получается наоборот, мы создаем условия, ослабляющие деревья, и они будут менее устойчивы и  более подвержены нападению вредителей. Про искусственные газоны ничего не могу сказать, там и так все естественные природные связи разрушены. А вот в парках, скверах, и других ненарушенных природных сообществах убирать листву недопустимо! А если вспомнить ещё и про постоянное выкашивание травы под ноль, то получается, что к зиме не создается прослойка, предохраняющая почву от мороза, и больше вероятность, что при малоснежной зиме промерзнет верхний слой почвы. А это значит, что будут погибать и полезные почвенные насекомые, такие, как жужелицы, например, и другие хищные жуки».</span></p>
<p><span style=""font-size: 10pt;"">Далее: </span><a class=""daria-goto-anchor"" style=""font-size: 10pt;"" href=""http://newsnn.ru/news/108315"" target=""_blank"">по словам Елены Синевой,<span style=""margin-right: 0.3em""> </span> <span style=""margin-left: -0.3em"">«</span>листва собирается, вывозится и утилизируется на полигонах».</a></p>
<p><span style=""font-size: 10pt;"">Ну, слово<span style=""margin-right: 0.3em""> </span> <span style=""margin-left: -0.3em"">«</span>утилизация» тут никого не должно смущать, кто хоть раз видел наши полигоны, тот понимает, что мешки с листвой просто кидают вместе с другим мусором. Ничего волшебного с ними там не происходит.<br></span><span style=""font-size: 10pt;"">Когда опавшую листву с газонов сметают, этим создается внешняя видимость как бы  ухоженности, прибранности. Но природе — деревьям и кустарникам — наносится непоправимый ущерб. Ведь подстилка из листвы и мелких отмерших побегов — важнейший элемент природных экосистем.<br></span><span style=""font-size: 10pt;"">Через подстилку осуществляется сложнейший обмен веществ, взаимодействие высших растений с низшими. В подстилке живут многие столь необходимые лесу насекомые, нужна она, прямо или косвенно, птицам. Она как губка впитывает влагу и отдает ее корням деревьев и других растений. А ведь города по условиям увлажнения сравнивают с полупустынями и даже с пустынями.<br></span><span style=""font-size: 10pt;"">Подстилка — это и одеяло, надежно предохраняющее почву в зимние месяцы от промерзания, а летом от опасного уплотнения. Ведь почва в лесах обычно рыхлая, богатая воздухом и влагой. Но лишенная подстилки, она быстро уплотняется. Именно из-за такого уплотнения почвы во многих городских парках и скверах гибнут деревья.<br></span><span style=""font-size: 10pt;"">Кроме того, подстилка из листьев и опавших побегов — отличное органическое удобрение, ведь деревья и кустарники, как правило, никто не удобряет. Поэтому нужно помнить, что листва -это не мусор, а единственное для деревьев и кустарников удобрение. Лишенная опада почва неизбежно истощается. Замечено, что лишенные опавшей листвы деревья в парках через 20 лет снижают прирост в 1,5 раза. Деревья и кустарники ослабевают, хиреют, становятся более уязвимыми для вредителей и воздействия болезней.</span></p>
<p><span style=""font-size: 10pt;"">Увы, госпожа Синева, которая постоянно кичится своим биологическим образованием,  рассуждая о природе, оперирует исключительно древними, давно устаревшими садово-огородн</span><wbr style=""font-size: 10pt;""></wbr><span style=""font-size: 10pt;"">ическими понятиями. Есть большие сомнения, смогла бы ли она сейчас сдать экзамен по экологии.</span></p>
<br>

",2013-10-09,
root,http://dront.ru/folklore-club/,"Нижегородский фольклорный клуб","
<ul>
<li>
<a href=""http://dront.ru/files/reports/2014/Otchot-folk-2014.doc"">Отчет о работе за 2014 год</a><span style=""margin-right: 0.3em""> </span> <span style=""margin-left: -0.3em"">(doc</span>)</li>
<li>
<a href=""http://dront.ru/files/folklore-club/Folklore-club-report-2013.doc"">Отчет о работе за 2013 год</a><span style=""margin-right: 0.3em""> </span> <span style=""margin-left: -0.3em"">(doc</span>)</li>
<li>
<a href=""http://dront.ru/files/folklore-club/folklore-report-2012.doc"">Отчет о работе за 2012 год</a><span style=""margin-right: 0.3em""> </span> <span style=""margin-left: -0.3em"">(doc</span>)</li>
<li>
<a href=""http://dront.ru/files/folklore-club/folklore-report-2011.doc"">Отчет о работе за 2011 год</a><span style=""margin-right: 0.3em""> </span> <span style=""margin-left: -0.3em"">(doc</span>)</li>
<li>
<a href=""http://dront.ru/files/folklore-club/folklore-report-2010.doc"">Отчет о работе за 2010 год</a><span style=""margin-right: 0.3em""> </span> <span style=""margin-left: -0.3em"">(doc</span>)</li>
<li>
<a href=""http://dront.ru/files/folklore-club/folklore-report-2009.doc"">Отчет о работе за 2009 год</a><span style=""margin-right: 0.3em""> </span> <span style=""margin-left: -0.3em"">(doc</span>)</li>
</ul>
<h2>Отчет о проведении цикла этно-экологических экспедиций</h2>
<p>С апреля по октябрь 1999 г. <strong>Нижегородским фольклорным клубом</strong> был проведён цикл этно-экологических экспедиций.</p>
<p>Главной задачей подготовительного этапа было обучение школьников и студентов сбору и анализу информации о традиционной культуры неразрушающего природопользования:</p>
<ul>
<li>как фактор, регламентирующий отношение человека к окружающей среды на состояние окружающей среды;</li>
<li>как индикатор отношения к природе.</li>
</ul>
<p>С марта по май 1999 года были скопированы карты и составлены схемы основных маршрутов планируемых экспедиций и проведен курс лекций и практических занятий.</p>
<h2>Персонал</h2>
<p>Для экспедиционной работы были привлечены ведущие специалисты Нижнего Новгорода в области фольклористики и этнографии:</p>
<ul>
<li>Грановская Наталья Пантелеймоновна — старший научный сотрудник областного Дома Фольклора;</li>
<li>Грановская Полина Георгиевна — руководитель фольклорно-этнографиченского ансамбля<span style=""margin-right: 0.3em""> </span> <span style=""margin-left: -0.3em"">«</span>Свети-цвет» Центра Традиционной культуры д/к им Г. Маслякова Дома творчества детей и юношества Нижегородского района;</li>
<li>Харлов Андрей Владимирович — руководитель информационного центра<span style=""margin-right: 0.3em""> </span> <span style=""margin-left: -0.3em"">«</span>Природа и традиционная культура» при экологическом центре<span style=""margin-right: 0.3em""> </span> <span style=""margin-left: -0.3em"">«</span>Дронт».</li>
</ul>
<p>В качестве волонтёров в экспедициях выступили школьниками Нижегородских школ и студенты Нижегородских ВУЗов.</p>
<h2>Экспедиционные маршруты</h2>
<ol>
<li>1Нижний Новгород—Сокольское—Городец—Сокольское—Нижний Новгород. Сроки: с 3.05.99 по 18.05.99.</li>
<li>Нижний Новгород—Балахна—Ковернино—Балахна—Нижний Новгород. Сроки: с 20.08.99 по 25.08.99.</li>
</ol>
<h2>Результаты</h2>
<p>Результативный этап мы считаем важнейшим в нашей работы. Целью данного этапа является: пропаганда и популяризация традиций неразрушающего природопользования.</p>
<p>По материалам собранной в архивах и экспедициях были сняты следующие слайд фильмы:</p>
<ol>
<li>Святые источники: традиционное почитание воды<span style=""margin-right: 0.3em""> </span> <span style=""margin-left: -0.3em"">(</span>документальный фильм).</li>
<li>Особенности растительного орнамента в традиционных нижегородских традиционных промыслах<span style=""margin-right: 0.3em""> </span> <span style=""margin-left: -0.3em"">(</span>документальный фильм).</li>
<li>Русалки<span style=""margin-right: 0.3em""> </span> <span style=""margin-left: -0.3em"">(</span>художественный музыкальный фильм).</li>
</ol>
<p>По результатам экспедиции и архивной работы, на базе Центра традиционной культуры, нами были проведены 52 слайд-лекции для школьников<span style=""margin-right: 0.3em""> </span> <span style=""margin-left: -0.3em"">(</span>школы 1, 3, 8, 14, 40, 52, Дом творчества детей и юношества Нижегородского района, д/к. им. Маслякова, клуб<span style=""margin-right: 0.3em""> </span> <span style=""margin-left: -0.3em"">«</span>Искра») и студентов<span style=""margin-right: 0.3em""> </span> <span style=""margin-left: -0.3em"">(</span>Областной колледж культуры, ННГУ им. Лобачевского) по следующим темам:</p>
<ul>
<li>ресурсосберегающие традиции рыбного промысла Сокольского района;</li>
<li>природа и топонимика Сокольского, Ковернинского и Городецкого районов Нижегородской области;</li>
<li>традиции почитания воды;</li>
<li>связь семейных и календарных обрядов с почитанием природы;</li>
<li>специфика народной росписи и принципы включения в неё растительного орнамента;</li>
<li>представление об эпохе<span style=""margin-right: 0.3em""> </span> <span style=""margin-left: -0.3em"">«</span>природных богов» в глиняной игрушке.</li>
</ul>
<p>Информация о результатах экспедиции прозвучала в культурной программе на следующих семинарах крупнейшего экологического проекта на территории Россиско Федерации — проекта РОЛЛ:</p>
<ul>
<li>▪ природоохранные приоритеты Южно-Европейского региона. Рекомендации экологических организаций;</li>
<li>фонды. Информационные центры. Природоохранные проекты и программы Южно-Европейского региона.</li>
</ul>
<p>Материалы экспедиции легли в основу школьных докладов для Районной и областной конференций Научного общества учащихся.</p>
<h2>Контактная информация</h2>
<p>Адрес:</p>
<p>Телефон:</p>
<p>Электронная почта:</p>
<br>

",,http://dront.ru/files/reports/2014/Otchot-folk-2014.doc|http://dront.ru/files/folklore-club/Folklore-club-report-2013.doc|http://dront.ru/files/folklore-club/folklore-report-2012.doc|http://dront.ru/files/folklore-club/folklore-report-2011.doc|http://dront.ru/files/folklore-club/folklore-report-2010.doc|http://dront.ru/files/folklore-club/folklore-report-2009.doc
root,http://dront.ru/dront/,"Печальная судьба дронта","
<p><span><span style=""margin-right: 0.3em""> </span> <span style=""margin-left: -0.3em"">(</span>Обзор подготовлен студенткой Естественно-географического факультета Нижегородского государственного педагогического университета Е. П. Ждановой при научном руководстве доцента кафедры экологии и экологического образования НГПУ Н. Ю. Киселевой. Экологический центр<span style=""margin-right: 0.3em""> </span> <span style=""margin-left: -0.3em"">«</span>Дронт» выражает Н. Ю. Киселевой и Е. П. Ждановой свою искреннюю признательность.)</span></p>
<h2>Глава 1. Краткий очерк истории открытия и уничтожения дронта</h2>
<h3>1.1. Местообитание вида</h3>
<p>Дронт был обнаружен на островах к востоку от Мадагаскара, которые сегодня называются Маскаренским архипелагом. Три довольно крупных острова, образующих этот архипелаг, протянулись вдоль 20 параллели к югу от экватора. Сейчас они называются Реюньон, Маврикий и Родригес.</p>
<p>Имена первооткрывателей этих территорий остались неизвестны. Совершенно очевидно, что арабские торговые суда сюда заплывали, но не обратили особого внимания на свое открытие, поскольку острова были необитаемы, а торговать на необитаемых островах чрезвычайно трудно. <br>Европейскими первооткрывателями были португальцы, хотя, как это ни удивительно, но лишь со второго захода португальский первооткрыватель дал островам свое имя.</p>
<p>Этим человеком был Диого Фернандиш Перейра, который плавал в этих водах в 1507 году. 9 февраля он обнаружил остров, расположенный в 400 милях к востоку от Мадагаскара, и назвал его Санта-Аполлония. Должно быть, это современный Реюньон. Вскоре корабль Перейры<span style=""margin-right: 0.3em""> </span> <span style=""margin-left: -0.3em"">«</span>Серне» наткнулся на нынешний Маврикий. Моряки высадились на берег и назвали остров по имени своего корабля — Илья ду Серне.</p>
<p>Перейра двигался по направлению к Индии, и в том же году, чуть позже, открыл Родригес. Поначалу остров был назван Доминго Фриз, но также и Диего Родригес. Голландцы, очевидно, нашли это название труднопроизносимым, и говорили об острове, называвшемся DiegoRay, что было потом галлицизировано и превратилось в Dygarroys; однако сами французы называли остров Иль Марианна.</p>
<p>Шестью годами позже прибыл второй<span style=""margin-right: 0.3em""> </span> <span style=""margin-left: -0.3em"">«</span>первооткрыватель», Педро Маскареньяс, он посетил только Маврикий и Реюньон. По этому поводу Маврикий переименован не был, но Сант-Аполлония<span style=""margin-right: 0.3em""> </span> <span style=""margin-left: -0.3em"">(</span>Реюньон) получил название Mascarenhas или Mascaragne, и по сей день острова называются Маскаренскими<span style=""margin-right: 0.3em""> </span> <span style=""margin-left: -0.3em"">(</span><a href=""http://www.zooeco.com/strany/str-africa-10.html"">http://www.zooeco.com/strany/str-africa-10.html</a>).</p>
<p>Португальцы открыли Маврикий, но не стали на нем селиться. Однако в 1598 году там высадились голландцы и объявили остров своим владением<span style=""margin-right: 0.3em""> </span> <span style=""margin-left: -0.3em"">(</span>Леопольд, 2000). Маскаренские острова представляли удобную перевалочную станцию на пути в Индию, и вскоре толпы авантюристов наводнили их<span style=""margin-right: 0.3em""> </span> <span style=""margin-left: -0.3em"">(</span>Акимушкин, 1969).</p>
<h3>1.2. История открытия и уничтожения дронта</h3>
<p>В 1598 г., после прибытия на Маврикий эскадры из 8 кораблей, голландский адмирал Яков ван Нек начал составлять список и описание всего живого, что было встречено на острове. После того, как записи адмирала были переведены на другие языки, учёный мир узнал о необычной, странной и даже причудливой нелетающей птице, которая известна во всём мире как додо<span style=""margin-right: 0.3em""> </span> <span style=""margin-left: -0.3em"">(</span>рис.2.), хотя учёные чаще всего называют её дронт<span style=""margin-right: 0.3em""> </span> <span style=""margin-left: -0.3em"">(</span>Бобровский, 2003).</p>
<p><img title=""Дронт птица"" src=""http://dront.ru/images/dront-2.jpg"" alt=""Дронт фото"" width=""262"" height=""289""></p>
<p>Рис. Реконструкция внешнего вида дронта<span style=""margin-right: 0.3em""> </span> <span style=""margin-left: -0.3em"">(</span><a href=""http://www.google.ru/imghp?hl=ru"">http://www.google.ru/imghp?hl=ru</a>)</p>
<p>Говорили, что дронты производили впечатление почти ручных, хотя держать их в неволе не получалось.<span style=""margin-right: 0.3em""> </span> <span style=""margin-left: -0.3em"">«</span>… Они доверчиво подходят к человеку, но их никак не удаётся приручить: как только они попадают в неволю, то начинают упрямо отказываются от любой еды до тех пор, пока не умирают».</p>
<p>Спокойная жизнь для дронтов окончилась, как только человек стал активно вмешиваться в жизнь островной природы.</p>
<p>Команды судов пополняли на островах запасы продовольствия, с этой целью истребляя всё живое в лесах архипелага. Матросы съели всех огромных черепах, а затем принялись за неуклюжих птиц.<br>На небольших океанических островах, где нет сухопутных хищников, дронты постепенно, из поколения в поколение, потеряли способность к полёту. Коки голландских судов не знали, можно ли употреблять в пищу эту легкодоступную птицу с жестким мясом. Но очень быстро голодные мореплаватели поняли, что дронт съедобен и добывать его весьма и весьма выгодно. Беззащитные птицы, тяжело переваливаясь с боку на бок и размахивая жалкими<span style=""margin-right: 0.3em""> </span> <span style=""margin-left: -0.3em"">«</span>обрубками» крыльев, безуспешно пытались спастись от людей бегством. Было достаточно всего трёх птиц, чтобы накормить команду корабля. На целое плавание хватало нескольких десятков засоленных дронтов. К этому так привыкли, что трюмы кораблей доверху набивали живыми и мёртвыми дронтами, а матросы проходящих судов и каравелл просто ради спортивного интереса соревновались в том, кто больше забьёт этих неуклюжих птиц. С этого момента маврикийскому дронту оставалось жить в природе менее 50 лет<span style=""margin-right: 0.3em""> </span> <span style=""margin-left: -0.3em"">(</span>Грин, 2000; Акимушкин, 1969; Бобровский, 2003; <a href=""http://erudity.ru/t215_20.html"">http://erudity.ru/t215_20.html</a>).</p>
<p>Нелетающие дронты были совершенно беспомощны перед лицом новых врагов, и их численность начала стремительно сокращаться. Вскоре они исчезли совсем. Все вместе, люди и животные, к концу XVIII века истребили всех додо<span style=""margin-right: 0.3em""> </span> <span style=""margin-left: -0.3em"">(</span>Акимушкин, 1969; Леопольд, 2000).</p>
<p>На трех островах Маскаренского архипелага — Маврикии, Реюньоне и Родригесе — обитало, по-видимому, три разных вида дронтов.</p>
<p>В 1693 г. додо впервые не попал в список животных Маврикия, так что к этому времени, можно считать, он уже исчез окончательно.</p>
<p>Родригесского дронта, или пустынника, в последний раз видели в 1761 г. Так же, как и в других случаях, не осталось ни одного его чучела, и долгое время учёные не имели ни одной его косточки. Впору спросить: а был ли этот дронт? Тем более что Франсуа Лега, автора самого детального описания родригесского дронта, иногда называли стопроцентным лжецом, а его книгу<span style=""margin-right: 0.3em""> </span> <span style=""margin-left: -0.3em"">«</span>Путешествие и приключения Франсуа Лега и его компаньонов…» некоторые ученые считали сборником пересказов чужих выдумок<span style=""margin-right: 0.3em""> </span> <span style=""margin-left: -0.3em"">(</span>Акимушкин, 1995; <a href=""http://www.bestreferat.ru/referat-6576.html"">http://www.bestreferat.ru/referat-6576.html</a>).</p>
<p>Позднее был истреблен реюньонский дронт. Впервые о нем упоминает в 1613 г. английский капитан Каслтон, высадившийся на Реюньоне вместе с домашними животными. Затем голландец Бонтекоэван Горн, проведший на этом острове 21 день в 1618 г., упоминал об этой птице, назвав ее<span style=""margin-right: 0.3em""> </span> <span style=""margin-left: -0.3em"">«</span>хохлохвосткой». Последним путешественником, который видел и описал этот вид, был француз Бори-де Сен-Венсен, посетивший Реюньон в 1801 г. Причиной исчезновения этого вида также стали домашние животные и человек. Не осталось ни одного скелета и ни одного чучела белого дронта<span style=""margin-right: 0.3em""> </span> <span style=""margin-left: -0.3em"">(</span>Бобровский, 2003).</p>
<p>На таблице представлена антропогенная скорость уничтожения дронтов<span style=""margin-right: 0.3em""> </span> <span style=""margin-left: -0.3em"">(</span>Таблица 1).</p>
<p>Таблица 1</p>
<p><img src=""http://dront.ru/images/dront-3.png"" alt="""" width=""645"" height=""380""></p>
<p>Итак, что самые первые упоминания о данном виде сделаны в 1598 году, а самые последние – 1801 году. Таким образом можно сделать вывод, что вид исчез примерно за 200 лет.</p>
<p>Когда в конце XVIII века натуралисты устремились по следам дронтов, и поиски привели их на остров Маврикия, все, к кому они тут обращались за советами, лишь с сомнением качали головами.<span style=""margin-right: 0.3em""> </span> <span style=""margin-left: -0.3em"">«</span>Нет, господин, таких птиц у нас нет и никогда не было»,— говорили и пастухи, и крестьяне.</p>
<h3>1.3. Дронт в Европе</h3>
<p>Мореплаватели много раз пытались привезти дронтов в Европу, чтобы удивить европейцев диковинной птицей. Но, если серого маврикийского дронта иногда удавалось живым довозить до северных широт, то с его белым реюньонским собратом это никак не получалось. Практически все птицы погибали во время путешествия. Как писал в 1668 г. неизвестный французский священник, побывавший на острове Маврикий:<span style=""margin-right: 0.3em""> </span> <span style=""margin-left: -0.3em"">«</span>Каждый из нас захотел взять с собой по две птицы, чтобы послать их во Францию и там передать Его Величеству; но на корабле птицы умирали, вероятно, от тоски, отказавшись от еды и питья»<span style=""margin-right: 0.3em""> </span> <span style=""margin-left: -0.3em"">(</span>цит. по В.А. Красильникову, 2001).</p>
<p>Легенда гласит, что два дронта с острова Реюньон, увезённые на корабле в Европу, действительно роняли слезы при расставании с родным островом<span style=""margin-right: 0.3em""> </span> <span style=""margin-left: -0.3em"">(</span>Бобровский, 2003).<br>Хотя иногда эта затея всё же удавалась и, по мнению японского эколога доктора Масауи Хачисука, подробно изучавшего историю удивительной нелетающей птицы, всего в Европу было доставлено с Маврикия 12 особей этой бескрылой птицы. 9 экземпляров додо привезли в Голландию, 2 – в Англию и 1 – в Италию<span style=""margin-right: 0.3em""> </span> <span style=""margin-left: -0.3em"">(</span>Бобровский, 2003).</p>
<p>Так же существует и случайное упоминание о том, что одна из птиц была вывезена в Японию, но, несмотря на многочисленные попытки японских ученых, найти упоминание об этом в японских хрониках и книгах не удалось<span style=""margin-right: 0.3em""> </span> <span style=""margin-left: -0.3em"">(</span><a href=""http://www.gumer.info/bibliotek_Buks/Science/lei/01.php"">http://www.gumer.info/bibliotek_Buks/Science/lei/01.php</a>).</p>
<p>В 1599 году адмирал Яков ван Нек привез первого живого дронта в Европу. На родине адмирала в Голландии странная птица произвела шумный переполох. На неё не могли надивиться.</p>
<p>Художников особенно привлекала ее прямо-таки гротескная внешность. И Питер-Холстейн, и Хуфнагель, и Франц Франкен, и другие известные живописцы увлеклись<span style=""margin-right: 0.3em""> </span> <span style=""margin-left: -0.3em"">«</span>дронтописью». В то время, говорят, нарисовано было более четырнадцати портретов с пленного дронта. Интересно, что цветное изображение дронта<span style=""margin-right: 0.3em""> </span> <span style=""margin-left: -0.3em"">(</span>один из этих портретов) только в 1955 г. нашёл профессор Иванов в Ленинградском<span style=""margin-right: 0.3em""> </span> <span style=""margin-left: -0.3em"">(</span>ныне Санкт-Петербургском) Институте ориенталистики!</p>
<p>Другой живой додо попал в Европу полвека спустя, в 1638 году. С этой птицей, вернее, с ее чучелом случилась забавная история. Дронта привезли в Лондон и там за деньги показывали всем желающим посмотреть на него. И когда птица умерла, с нее сняли шкуру и набили ее соломой. Из частной коллекции чучело попало в один из Оксфордских музеев. Целый век прозябало оно там в пыльном углу. И вот зимой 1755 года хранитель музея решил произвести генеральную инвентаризацию экспонатов. Долго с недоумением он рассматривал полусъеденное молью чучело сюрреалистической птицы с нелепой надписью на этикетке:<span style=""margin-right: 0.3em""> </span> <span style=""margin-left: -0.3em"">«Ark</span>»<span style=""margin-right: 0.3em""> </span> <span style=""margin-left: -0.3em"">(</span>ковчег?). А потом приказал выкинуть его в мусорную кучу.</p>
<p>К счастью, мимо той кучи случайно проходил более образованный человек. Дивясь неожиданной удаче, он вытащил из помойки крючконосую голову дронта и неуклюжую лапу— все, что от него осталось,— и со своими бесценными находками поспешил к торговцу редкостями. Спасенные и лапа, и голова позднее снова, но на этот раз уже с великими почестями, были приняты в музей. Это единственные в мире реликвии, оставшиеся от единственного чучела драконоподобного<span style=""margin-right: 0.3em""> </span> <span style=""margin-left: -0.3em"">«</span>голубя»,— так считает Вилли Лей, один из знатоков печальной истории дронтов. Но доктор Джеймс Гринвей из Кембриджа в превосходной монографии о вымерших птицах утверждает, что в Британском музее хранится еще одна нога, а в Копенгагене — голова, бесспорно принадлежавшие <nobr>когда-то</nobr> живому додо с Маврикия<span style=""margin-right: 0.3em""> </span> <span style=""margin-left: -0.3em"">(</span>Акимушкин, 1969).</p>
<p><img src=""http://dront.ru/images/dront-4.jpg"" alt="""" width=""484"" height=""240""></p>
<p>Рис. Ранние рисунки додо<span style=""margin-right: 0.3em""> </span> <span style=""margin-left: -0.3em"">(</span>слева), реконструкция дронта<span style=""margin-right: 0.3em""> </span> <span style=""margin-left: -0.3em"">(</span>справа)<span style=""margin-right: 0.3em""> </span> <span style=""margin-left: -0.3em"">(</span><a href=""http://www.google.ru/imghp?hl=ru"">http://www.google.ru/imghp?hl=ru</a>)</p>
<p>Традиционный образ додо — толстый, неуклюжий голубь, но это мнение оспаривается в последнее время. Ученые доказали, что старые европейские рисунки показывают перекормленных птиц в плену. Художник Маэстро Мансур рисовал додо на родных островах Индийского океана<span style=""margin-right: 0.3em""> </span> <span style=""margin-left: -0.3em"">(</span>рис.4.) и изображал птиц стройнее. Его рисунки изучал профессор Иванов и доказал, что эти рисунки наиболее точные. Два“ живых» образца были доставлены на острова Индийского океана в 1600-х годах, и нарисованные образцы совпадали с описанием. Как отметили на Маврикии, додо питался спелыми плодами в конце сезона дождей, чтобы выжить в сухой сезон, когда мало еды. В плену с едой проблем не было и птицы стали перекормленные<span style=""margin-right: 0.3em""> </span> <span style=""margin-left: -0.3em"">(</span><a href=""http://en.wikipedia.org/wiki/Dodo"">http://en.wikipedia.org/wiki/Dodo</a>).</p>
<h3>1.4. Культурно-историческое значение дронта</h3>
<h4>Дронт в астрономии</h4>
<p>Дронты прославились даже в астрономии. В честь дронта с Родригеса было названо одно созвездие на небе. В июне 1761 года французский астроном Пингре провел на Родригесе некоторое время, наблюдая за Венерой на фоне солнечного диска<span style=""margin-right: 0.3em""> </span> <span style=""margin-left: -0.3em"">(</span>она как раз тогда его пересекала). Через пять лет его коллега Ле-Монье, чтобы сохранить в веках память о пребывании своего друга на Родригесе и в честь удивительной птицы, обитавшей на этом острове, назвал открытую им между Драконом и Скорпионом новую группу звезд созвездием Отшельника. Желая отметить его на карте, по обычаям тех времен, символической фигурой, Ле-Монье обратился за справкой к популярной тогда во Франции<span style=""margin-right: 0.3em""> </span> <span style=""margin-left: -0.3em"">«</span>Орнитологии» Бриссона. Он не знал, что Бриссон не включил дронтов в свою книгу, и, увидев в списке птиц название solitaria, то есть<span style=""margin-right: 0.3em""> </span> <span style=""margin-left: -0.3em"">«</span>отшельник», добросовестно перерисовал названное так животное. И все перепутал, конечно: вместо внушительного додо новое созвездие на карте увенчал своей мало представительной фигурой синий каменный дрозд — Monticolasolitaria<span style=""margin-right: 0.3em""> </span> <span style=""margin-left: -0.3em"">(</span>он живет и сейчас на юге Европы, а у нас — в Закавказье, Средней Азии и южном Приморье)<span style=""margin-right: 0.3em""> </span> <span style=""margin-left: -0.3em"">(</span>Акимушкин, 1969 г.).</p>
<h4>Интересные факты</h4>
<ul>
<li>Дронт изображён на государственном гербе Маврикия<br><img style=""vertical-align: absbottom;"" src=""http://dront.ru/images/dront-5.jpg"" alt="""" width=""228"" height=""180""><br>Рис. Герб Маврикия<span style=""margin-right: 0.3em""> </span> <span style=""margin-left: -0.3em"">(</span><a href=""http://www.google.ru/imghp?hl=ru"">http://www.google.ru/imghp?hl=ru</a>)</li>
<li>В английском языке есть афоризм: asdeadas a dodo, то есть<span style=""margin-right: 0.3em""> </span> <span style=""margin-left: -0.3em"">«</span>мёртв как дронт», отражает стремительность уничтожения этих птиц человеком.</li>
<li>Дронт — один из персонажей знаменитой книги Льюиса Кэролла<span style=""margin-right: 0.3em""> </span> <span style=""margin-left: -0.3em"">«</span>Алиса в стране чудес»<span style=""margin-right: 0.3em""> </span> <span style=""margin-left: -0.3em"">(</span>рис.). Именно благодаря этой книге додо стал широко известен в Европе, а ведь ещё в начале XIX века многие полагали, что существование этой птицы — миф. Птица Додо в произведении — это изобразивший себя Доджсон. В отрывке вместе с птицей Додо появляются также другие птицы и звери, у которых были реальные прототипы. Прозвище появилось вследствие заикания автора.<br><img style=""vertical-align: absbottom;"" src=""http://dront.ru/images/dront-6.jpg"" alt="""" width=""243"" height=""272""><br>Рис. Иллюстрация к книге<span style=""margin-right: 0.3em""> </span> <span style=""margin-left: -0.3em"">«</span>Алиса в стране чудес»</li>
<li>Происхождение слова<span style=""margin-right: 0.3em""> </span> <span style=""margin-left: -0.3em"">«</span>додо» до сих пор неясно. Возможно, что оно произошло от слова duodu, означающего<span style=""margin-right: 0.3em""> </span> <span style=""margin-left: -0.3em"">«</span>идиот» — которым эту птицу называли голландские моряки. Возможно, они считали, что раз эта птица не умела летать, значит, она была глупой. Она не могла и быстро бегать, поскольку её огромный живот почти волочился по земле. Или же это название может быть связано с криком этой птицы. Также есть основания предполагать, что слово<span style=""margin-right: 0.3em""> </span> <span style=""margin-left: -0.3em"">«</span>додо» связано с подражанием их голосу.<span style=""margin-right: 0.3em""> </span> <span style=""margin-left: -0.3em"">(</span>Бобровский, 2003; <a href=""http://ru.wikipedia.org/wiki/Raphidae"">http://ru.wikipedia.org/wiki/Raphidae</a>).</li>
</ul>
<h2>Глава 2. Очерк экологии и биологии вида</h2>
<p>При составлении очерка экологии вида использована методика аутэкологического описания В. Д. Ильичева<span style=""margin-right: 0.3em""> </span> <span style=""margin-left: -0.3em"">(1982</span>) с дополнениями отдельных элементов аналогичной методики Г. А. Новикова<span style=""margin-right: 0.3em""> </span> <span style=""margin-left: -0.3em"">(1949</span>).</p>
<h3>2.1. Представления о систематике дронта и их эволюция</h3>
<p>К началу XIX века знания о систематическом положении дронтов были очень противоречивы. Сначала, по слухам и первым зарисовкам, дронтов принимали за карликовых страусиных птиц, поскольку потеря полета и даже сильная редукция скелета крыла – нередкое явление в этой группе птиц. Так сначала думал и Карл Линней, отнесший дронта в своём 10-м издании<span style=""margin-right: 0.3em""> </span> <span style=""margin-left: -0.3em"">«</span>Системы природы» в 1758 г. к роду страусов. Были и более причудливые мнения. Некоторые натуралисты посчитали дронта разновидностью лебедя, потерявшего крылья, другие отнесли додо к альбатросам, и даже к куликам и ржанкам. В 30-х годах XIX века додо из-за оголенной головы и изогнутого клюва даже отнесли к грифам. Это экстравагантная точка зрения была поддержана самим Ричардом Оуэном – бесспорным авторитетом того времени, английским морфологом и палеонтологом, которому мы обязаны словом<span style=""margin-right: 0.3em""> </span> <span style=""margin-left: -0.3em"">«</span>динозавр». И все же со временем мнение ученых склонилось в пользу того, что дронты – какие-то потерявшие способность к полёту, как это часто встречается на островах, куриные птицы.</p>
<p>То, что ученые считают сейчас близость додо к голубям, впервые высказал, изучая череп дронта, датский ученый натуралист Дж. Рейнхард. Но он, к сожалению, вскоре погиб, его точку зрения поддержал английский ученый Х. Стрикленд, который внимательно изучил все имеющиеся коллекционные материалы, включая и рисунки. Стрикленд называл дронта<span style=""margin-right: 0.3em""> </span> <span style=""margin-left: -0.3em"">«</span>колоссальным короткокрылым, плодоядным голубем». Эта точка зрения стала широко принятой в науке, когда в европейские коллекции с океанических островов Западного Самоа впервые попали крючкоклювые голуби<span style=""margin-right: 0.3em""> </span> <span style=""margin-left: -0.3em"">(Didunculusstrigirostris</span>). Крючкоклювый голубь невелик, величиной с обычного сизаря, но также является обладателем замечательного клюва, заканчивающегося острым крючком и изогнутым надклювьем; по его краю — зубцы. Клюв этого отшельника с острова Самоа сразу позволяет<span style=""margin-right: 0.3em""> </span> <span style=""margin-left: -0.3em"">«</span>узнать» в нём некое подобие причудливого клюва додо. И что примечательно, зубчатоклювые голуби по сообщениям первых мореплавателей тоже гнездились на земле и откладывали всего одно яйцо. На многих островах, где вместе с человеком появились свиньи, кошки и крысы, зубчатые голуби стали быстро исчезать, но на двух островах – Уполу и Савайи, они перешли к гнездованию на деревьях, что их и спасло. К сожалению, дронты взлететь на деревья так и не смогли<span style=""margin-right: 0.3em""> </span> <span style=""margin-left: -0.3em"">(</span>Бобровский, 2003).</p>
<p>Все современные голуби, а их известно 285 видов, хорошо летают. В отряде голубеобразных<span style=""margin-right: 0.3em""> </span> <span style=""margin-left: -0.3em"">(Golumbiformes</span>), кроме семейств Голубиные и Дронтовые, есть еще семейство Рябковые<span style=""margin-right: 0.3em""> </span> <span style=""margin-left: -0.3em"">(Pteroelidae</span>). Но и они<span style=""margin-right: 0.3em""> </span> <span style=""margin-left: -0.3em"">(16</span> видов в мире) прекрасно летают. К тому же кроме додо и его родичей первооткрыватели Маврикия и других Маскаренских островов обнаружили там множество видов настоящих, т.е. летающих, голубей. Почему же они не утратили крылья? Получается, что не существует ни одного вида голубя, который, оказавшись на необитаемом<span style=""margin-right: 0.3em""> </span> <span style=""margin-left: -0.3em"">(</span>без хищников) острове, стал бы нелетающим.</p>
<p>В 1959 г. на Международном зоологическом конгрессе в Лондоне немецкий натуралист Люттшвагер впервые выдвинул совершенно новую гипотезу происхождения и родственных связей дронтов. В строении головы дронтов и голубей он нашел много различий. Затем к нему присоединились и другие авторы, особенно после сравнения костей и скелетов с Маврикия и Родригеса. В своей книге<span style=""margin-right: 0.3em""> </span> <span style=""margin-left: -0.3em"">«</span>Дронты»<span style=""margin-right: 0.3em""> </span> <span style=""margin-left: -0.3em"">(1961</span>) Люттшвагер раскритиковал<span style=""margin-right: 0.3em""> </span> <span style=""margin-left: -0.3em"">«</span>голубиную» гипотезу происхождения этих гигантских птиц. В строении тазобедренных суставов, грудных костей и лап дронтов он обнаружил много общего не с голубями, а с коростелями, относящимися к семейству пастушковых птиц. Коростели плохо летают и при опасности стараются не взлететь, а убежать. Более того, обитающие на изолированных островах коростели утрачивают способность летать, а многие подобные им нелетающие пастушковые<span style=""margin-right: 0.3em""> </span> <span style=""margin-left: -0.3em"">(</span>маврикийский пастушок, маскаренская лысуха, некоторые погоныши и камышницы – всего 15 видов) вымерли, как дронты<span style=""margin-right: 0.3em""> </span> <span style=""margin-left: -0.3em"">(</span><a href=""http://www.mybirds.ru/forums/lofiversion/index.php/t58317.html"">http://www.mybirds.ru/forums/lofiversion/index.php/t58317.html</a>).</p>
<p><img src=""http://dront.ru/images/dront-7.jpg"" alt="""" width=""423"" height=""294""></p>
<p>Рис. Гривистый голубь<span style=""margin-right: 0.3em""> </span> <span style=""margin-left: -0.3em"">(</span><a href=""http://www.google.ru/imghp?hl=ru"">http://www.google.ru/imghp?hl=ru</a>)</p>
<p>В 2002 году был проведён анализ последовательностей генов цитохрома b и 12S рРНК, на основании которого было определено, что ныне живущий гривистый голубь<span style=""margin-right: 0.3em""> </span> <span style=""margin-left: -0.3em"">(</span>рис.) — ближайший родственник дронтов<span style=""margin-right: 0.3em""> </span> <span style=""margin-left: -0.3em"">(http</span>://ru.wikipedia.org/wiki/Дронты).</p>
<p>По современной классификации семейство дронтовые входит в отряд голубеобразных.</p>
<ul>
<li>Царство: Животные</li>
<li>Тип: Хордовые</li>
<li>Подтип: Позвоночные</li>
<li>Класс: Птицы</li>
<li>Подкласс: Новонёбные</li>
<li>Отряд: Голубеобразные — птицы с плотным массивным телом; ноги и шея короткие; крылья длинные и острые, приспособленные к стремительному полету. Оперение густое, плотное; перья с хорошо развитой пуховой частью. Клюв довольно короткий, ноздри прикрыты сверху кожистыми крышечками. Пища почти исключительно растительная и прежде всего семена, реже плоды и ягоды. Все голубеобразные имеют хорошо развитый зоб, служащий как для накопления пищи, так и для ее размягчения; кроме того, голуби выкармливают птенцов<span style=""margin-right: 0.3em""> </span> <span style=""margin-left: -0.3em"">«</span>молочком», вырабатываемом в зобу.</li>
<li>Семейство: Дронтовые<span style=""margin-right: 0.3em""> </span> <span style=""margin-left: -0.3em"">(Raphidae</span>) включало 3 вида: <br>— Маврикийский дронт.Додо, или маврийский дронт, он же серый дронт. Обитал этот вид на острове Маврикий – самом крупном острове из Маскаренских островов в Индийском океане. Этот вид впервые описал сам Карл Линней.<br>— Реюньонский дронт.В тропических лесах острова Реюньон обитал другой вид — белый, или бурбонский, дронт<span style=""margin-right: 0.3em""> </span> <span style=""margin-left: -0.3em"">(Raphusborbonicus</span>), действительно почти белый, чуть более мелкий, чем додо. Некоторый специалисты сомневаются в существовании данного вида, так как он известен только по описанию и рисункам.<br>— Родригесский дронт.На острове Родригес обитал третий представитель семейства — дронт-отшельник<span style=""margin-right: 0.3em""> </span> <span style=""margin-left: -0.3em"">(Pezophapssolitarius</span>). Еще в 1730 году дронт-отшельник был довольно обычен, но к концу 18 века и этот вид перестал существовать. От него ничего не осталось — в музеях нет ни шкурок, ни яиц этой птицы<span style=""margin-right: 0.3em""> </span> <span style=""margin-left: -0.3em"">(http</span>://www.ecosystema.ru/07referats/01/dodo.htm).</li>
</ul>
<h3>2.2. Описание внешнего вида</h3>
<p>На всех, кто хоть однажды видел дронта, его внешний вид производил неизгладимое впечатление. Вот какие воспоминания очевидцев дошли до наших дней:<span style=""margin-right: 0.3em""> </span> <span style=""margin-left: -0.3em"">«</span>… больше наших лебедей, с огромной головой, до половины покрытой перьями, как бы с капюшоном. У этой птицы нет крыльев<span style=""margin-right: 0.3em""> </span> <span style=""margin-left: -0.3em"">(</span>они были, но крошечные, неспособные к полёту). Хвост состоит из нескольких мягких загнутых внутрь перьев пепельного цвета..» ,<span style=""margin-right: 0.3em""> </span> <span style=""margin-left: -0.3em"">(</span>цит. по В.А. Красильникову, 2001).</p><span style=""margin-right: 0.3em""> </span> <p><span style=""margin-left: -0.3em"">«</span>Это была странная птица, по размеру больше чем самая большая индейка. Лапы её были похожи на лапы индейки, но крепче и толще. Грудь её была раскрашена подобно молодому фазану, спина несколько тусклее.»<span style=""margin-right: 0.3em""> </span> <span style=""margin-left: -0.3em"">(</span>цит. по Е. Fuller, 2000).<span style=""margin-right: 0.3em""> </span> <span style=""margin-left: -0.3em"">«</span>В этом месте я увидел птицу, которую нигде раньше не встречал. Она была бы похожа на индюка, если бы не длинные ноги. Её красивое оперение радует глаз. Цвет его постоянно меняется, отливая золотом.»</p><span style=""margin-right: 0.3em""> </span> <p><span style=""margin-left: -0.3em"">«</span>… Невольно любуешься, когда они передвигаются по земле. Их красивый внешний вид часто спасал им жизнь.»</p><span style=""margin-right: 0.3em""> </span> <p><span style=""margin-left: -0.3em"">«</span>… Они лишь дерутся крыльями и машут, созывая друг друга. Взмахи эти быстры и следуют один за другими двадцать или тридцать раз в течение 4-5 мин; движения крыльев создают шум, напоминающий звук, издаваемый пустельгой. Его слышно на расстоянии более 200 м. Костяк крыла более жесткий во внешней части и образует под перьями птицы маленький круглый нарост, напоминающий мушкетную пулю, который вместе с клювом – главное средство защиты. В лесу их очень трудно поймать, но на открытой местности это не составляет особого труда, так как человек бегает куда быстрее. К ним довольно легко подобраться.»<span style=""margin-right: 0.3em""> </span> <span style=""margin-left: -0.3em"">(</span>цит. по В.А. Красильникову, 2001)<span style=""margin-right: 0.3em""> </span> <span style=""margin-left: -0.3em"">(</span>Бобровский, 2003).</p>
<p>Действительно, дронты были большие и очень жирные. Учёные полагают, что взрослые птицы весили 20-25 кг. Индюки, для сравнения, весят 12-16 кг. Ростом они были повыше индюка — около 1 м. Их вздутое по форме тело вкупе с очень маленькими крыльями говорит о невозможности полёта. Ноги дронтов были короткими и сильными. А его лапы с четырьмя пальцами напоминают индюшачьи. Короткий хвост этих птиц, состоял всего из нескольких перьев, торчавших пучком.<br>Дронты передвигались по земле и были очень медлительны. По описаниям, когда им приходилось спасаться от опасности, тело их колыхалось при беге, а большой живот цеплялся за камни. Лапы дронта с четырьмя пальцами действительно напоминают индюшачьи. Но на голове нашего героя нет ни гребешка, ни хохолка, а шея более длинная. Грудь, по описаниям очевидцев, действительно была раскрашена красиво — как у фазанов.</p>
<p>Они обладали изогнутым, до гротеска несуразным, поражающим воображение крючковатым клювом и неоперённой кожей вокруг клюва и глаз. Формой их клюв <nobr>чем-то</nobr> напоминал клюв альбатросов, почему в первое время некоторые зоологи допускали родство между непохожими птицами. Эти признаки заставили некоторых ученых высказать предположения о принадлежности дронтов к хищным птицам. Например, к грифам, питающимся падалью и также имеющим голую неоперенную кожу на голове. С другой стороны, изогнутым клювом обладают и птицы, которые поедают улиток и финики<span style=""margin-right: 0.3em""> </span> <span style=""margin-left: -0.3em"">(</span><a href=""http://www.mybirds.ru/forums/lofiversion/index.php/t58317.html"">http://www.mybirds.ru/forums/lofiversion/index.php/t58317.html</a>; <a href=""http://rcio.pnzgu.ru/personal/39/2/7/dodo.htm"">http://rcio.pnzgu.ru/personal/39/2/7/dodo.htm</a>).</p>
<p> </p>
<p>Маврикийский дронт<span style=""margin-right: 0.3em""> </span> <span style=""margin-left: -0.3em"">(</span>рис.).</p>
<p>Описание того, как выглядит маврикийский дронт, лучше начать с клюва, поскольку он очень примечателен. Длина его около 20 см или чуть больше! Конец надклювья изогнут вниз, как у хищных птиц, цвет клюва — черноватый, с тусклым красноватым оттенком сверху. Джеймс Гринвей, большой знаток истреблённых и исчезающих птиц, так описывает предполагаемую внешность дронта:<span style=""margin-right: 0.3em""> </span> <span style=""margin-left: -0.3em"">«</span>Передняя часть головы, область вокруг глаз и щёки — голые и их кожа светло-пепельного цвета. Перья на теле — пепельно-серые или палевые, почти белые снизу на груди и черноватые на бёдрах. Крылья желтовато-белые и покрыты белыми с чёрным на концах перьями, на хвосте они — рыхлые и курчавые».</p>
<p><img src=""http://dront.ru/images/dront-8.jpg"" alt=""Маврикийский дронт"" width=""239"" height=""206""></p>
<p>Рис. Маврикийский дронт<span style=""margin-right: 0.3em""> </span> <span style=""margin-left: -0.3em"">(</span><a href=""http://images.yandex.ru/"">http://images.yandex.ru/</a>)</p>
<p>К этому следует добавить, что собственно крыльев как таковых у дронтов не было, а было нечто недоразвитое, похожее на их зачатки<span style=""margin-right: 0.3em""> </span> <span style=""margin-left: -0.3em"">(</span>на самом же деле не зачатки, а, так сказать,<span style=""margin-right: 0.3em""> </span> <span style=""margin-left: -0.3em"">«</span>остатки» — рудименты). Поскольку дронты крылья в надлежащее действие никогда не приводили, т. е. не летали, не было у них и хорошо развитых мускулов, приводящих в движение крылья, и киля на грудине, к которой они крепятся, а сама эта кость — почти плоская пластина. Дронт с Маврикия оставил после себя наиболее ценное для зоологов<span style=""margin-right: 0.3em""> </span> <span style=""margin-left: -0.3em"">«</span>наследство»: множество костей, лапу и клюв<span style=""margin-right: 0.3em""> </span> <span style=""margin-left: -0.3em"">(</span>или, по другим данным, две лапы и два клюва), которые хранятся сейчас в Британском музее. Кроме того, было создано много всевозможных рисунков и картин, изображавших тёмного додо<span style=""margin-right: 0.3em""> </span> <span style=""margin-left: -0.3em"">(</span><a href=""http://erudity.ru/t215_21.html"">http://erudity.ru/t215_21.html</a>; Бобровский, 2003).</p>
<p>Реюньонский дронт<span style=""margin-right: 0.3em""> </span> <span style=""margin-left: -0.3em"">(</span>рис.). Дронт другого вида, обитавший на острове Реюньон, известен только по описаниям очевидцев и более или менее точным изображениям. От сородичей с Маврикия они отличались главным образом светлой окраской своего оперения. Белый, или бурбонский, дронт<span style=""margin-right: 0.3em""> </span> <span style=""margin-left: -0.3em"">(Raphusborbonicus</span>), действительно почти белый, чуть более мелкий, чем додо. Некоторые специалисты сомневаются в существовании этого вида<span style=""margin-right: 0.3em""> </span> <span style=""margin-left: -0.3em"">(</span>Бобровский, 2003; <a href=""http://erudity.ru/t215_21.html"">http://erudity.ru/t215_21.html</a>; <a href=""http://www.megabook.ru/Article.asp?AID=630785"">http://www.megabook.ru/Article.asp?AID=630785</a>).</p>
<p><img src=""http://dront.ru/images/dront-9.jpg"" alt=""Реюньонский дронт"" width=""201"" height=""245""></p>
<p>Рис. Реюньонский дронт<span style=""margin-right: 0.3em""> </span> <span style=""margin-left: -0.3em"">(</span><a href=""http://images.yandex.ru/"">http://images.yandex.ru/</a>)</p>
<p>Родригесский дронт<span style=""margin-right: 0.3em""> </span> <span style=""margin-left: -0.3em"">(</span>рис.). На острове Родригес обитал третий представитель семейства — дронт-отшельник<span style=""margin-right: 0.3em""> </span> <span style=""margin-left: -0.3em"">(Pezophapssolitarius</span>), с более изящным телосложением, чем у додо. Крылья, вернее то, что от них осталось, были у него более длинные, чем у других дронтов, и на их концах болтались какие-то странные округлые костяшки, по одной на каждом крыле. Также отличался от собратьев длинной шеей, небольшой головой с тонким клювом и более развитыми крыльями. Этими костяшками дронты в драке наносили удары друг другу и отбивались от врагов. Окраска их оперения варьировалась от коричневатой до серой или даже почти белой<span style=""margin-right: 0.3em""> </span> <span style=""margin-left: -0.3em"">(</span>Бобровский, 2003; Ильичев, 1986;<span style=""margin-right: 0.3em""> </span> <span style=""margin-left: -0.3em"">(</span><a href=""http://www.megabook.ru/Article.asp?AID=630785"">http://www.megabook.ru/Article.asp?AID=630785</a>).</p>
<p><img src=""http://dront.ru/images/dront-10.jpg"" alt=""Родригесский дронт"" width=""206"" height=""286""></p>
<p>Рис. Родригесский дронт<span style=""margin-right: 0.3em""> </span> <span style=""margin-left: -0.3em"">(</span><a href=""http://images.yandex.ru/"">http://images.yandex.ru/</a>)</p>
<h3>2.3. Особенности периода размножения и гнездового поведения</h3>
<p>Необычно у этой птицы буквально все, например, их гнездовое поведение. По описанию современников, дронты сооружали гнездо в виде холмика из земли, пальмовых листьев и веток и откладывали туда одно-единственное крупное белое яйцо. Насиживали его 7 недель и самка, и самец, по очереди. В это ответственное время<span style=""margin-right: 0.3em""> </span> <span style=""margin-left: -0.3em"">(</span>высиживание и выкармливание длилось несколько месяцев) родители никого не подпускали к гнезду ближе, чем на 100 метров. Если<span style=""margin-right: 0.3em""> </span> <span style=""margin-left: -0.3em"">«</span>чужой» дронт пытался подойти к гнезду, то прогонять его шла особь того же пола. Причём, когда на гнезде сидел самец и видел приближающуюся к нему чужую самку, то сразу же в бой не бросался.</p><span style=""margin-right: 0.3em""> </span> <p><span style=""margin-left: -0.3em"">«</span>Хозяин» гнезда начинал быстро махать крыльями, издавая звуки для привлечения своей самки. Вот она-то и изгоняла чужую<span style=""margin-right: 0.3em""> </span> <span style=""margin-left: -0.3em"">«</span>дронтиху». То же самое делали самки-наседки, заметившие чужого самца. Его изгонял супруг наседки. После изгнания чужака птицы бегали вокруг гнезда, так как чужак не всегда сразу уходил от понравившегося ему места<span style=""margin-right: 0.3em""> </span> <span style=""margin-left: -0.3em"">(</span>Бобровский, 2003; <a href=""http://www.enchantedlearning.com/subjects/birds/printouts/Dodo.shtml"">http://www.enchantedlearning.com/subjects/birds/printouts/Dodo.shtml</a>).</p>
<h3>2.4. Особенности питания</h3>
<p>Дронты питались спелыми плодами пальмы латании, которые падали на землю, а также почками и листьями, вероятно, служившими единственной пищей для дронтов. Особенно птицам нравились крупные плоды дерева, которое так и называлось<span style=""margin-right: 0.3em""> </span> <span style=""margin-left: -0.3em"">«</span>дерево додо»<span style=""margin-right: 0.3em""> </span> <span style=""margin-left: -0.3em"">(</span>Ледниковый период, 2010; <a href=""http://www.enchantedlearning.com/subjects/birds/printouts/Dodo.shtml"">http://www.enchantedlearning.com/subjects/birds/printouts/Dodo.shtml</a>).</p>
<p>Доказательством типа питания этих птиц может служить обнаружение камней в желудке. Старинный английский музейный каталог за 1656 г., имевший надпись<span style=""margin-right: 0.3em""> </span> <span style=""margin-left: -0.3em"">«</span>Дронт с острова Маврикий; из-за своих больших размеров он не может летать», касался известного в свое время экземпляра птицы. Прежде чем стать чучелом, этот дронт долго демонстрировался всем желающим посмотреть на чудо природы и премного удивлял лондонцев своим поведением. Например, тем, что охотно глотал кремни. Из других литературных источников также известно, что в желудках дронтов находили камни, явно участвовавшие в процессе перетирания пищи.</p>
<p>Франсуа Лега писал, что извлеченный из желудка дронта камень был коричневый, твердый и тяжелый, размером с куриное яйцо. Снаружи он имел шероховатую поверхность, круглую с одной стороны и плоскую – с другой. Лега с коллегами пришел к выводу,<span style=""margin-right: 0.3em""> </span> <span style=""margin-left: -0.3em"">«</span>…что это врожденный камень, ибо его обнаруживают у птицы в любом возрасте. К тому же канал, который ведет от зоба к желудку, слишком узок, чтобы по нему мог пройти предмет даже вполовину меньше такого камня. Мы охотно пользовались им для точения ножей»<span style=""margin-right: 0.3em""> </span> <span style=""margin-left: -0.3em"">(</span><a href=""http://www.mybirds.ru/forums/lofiversion/index.php/t58317.html"">http://www.mybirds.ru/forums/lofiversion/index.php/t58317.html</a>).</p>
<h3>2.5. Враги и лимитирующие факторы</h3>
<p>На островах, где обитал дронт, не было крупных млекопитающих, которые охотились бы на него. Это доверчивое, на редкость мирное существо начисто утратило способность распознавать недругов. Единственной защитой дронта был клюв. В 1607 г. на Маврикии побывал адмирал Вергувен, который первым отметил, что дронты, оказывается, могут<span style=""margin-right: 0.3em""> </span> <span style=""margin-left: -0.3em"">«</span>очень больно кусаться»<span style=""margin-right: 0.3em""> </span> <span style=""margin-left: -0.3em"">(</span>Даррелл, 2002; <a href=""http://www.bestreferat.ru/referat-6576.html"">http://www.bestreferat.ru/referat-6576.html</a>).</p>
<p>После открытия островов люди начали активно истреблять неуклюжих птиц. Помимо этого на острова завезли свиней, которые давили яйца дронтов, коз, которые подчистую съедали кустарники, где дронты строили свои гнезда; собаки и кошки уничтожали старых и молодых птиц, а свиньи и крысы пожирали птенцов<span style=""margin-right: 0.3em""> </span> <span style=""margin-left: -0.3em"">(</span>Леопольд, 2000).</p>
<h3>2.6. Экологическое последствие вымирания вида</h3>
<p>Интересный факт, касающийся дронтов, был обнаружен в 1973 году, когда учёные обратили внимание на то, что на острове Маврикий есть старые деревья — кальварииметор, которые почти не возобновляются. Деревья этого вида в прошлом также не были редкостью на острове, а теперь на всей его площади в 2045 квадратных километров растет не более полутора десятков экземпляров кальварии. Оказалось, что их возраст превышает 300 лет. Деревья всё ещё давали орехи, но ни один из орехов не прорастал, и новые деревья не появлялись. Но ведь почти 300 лет назад в 1681 году на этом же острове был убит последний дронт. Американскому экологу Стенли Темилю удалось установить связь между исчезновением дронта и вымиранием кальварии. Он доказывает, что эти птицы были важным фактором размножения деревьев. Он предположил, что орехи не прорастут, пока не будут склёваны дронтом и не пройдут через его кишечник. Камешки, которые проглатывал дронт, в егожелудке разрушали твёрдую скорлупу орехов, и кальварии прорастали. Темил предполагает, что такую прочную оболочку эволюция выработала потому, что семена кальварии охотно глотали голуби Додо.</p>
<p>Для проверки гипотезы орехи скормили индюкам, имеющим похожий желудок, и из них после прохождения через пищеварительную систему выросли новые деревья. С исчезновением дронтов никакая другая птица на Маврикии не могла разрушить твердую скорлупу орехов, и эти деревья оказались под угрозой исчезновения<span style=""margin-right: 0.3em""> </span> <span style=""margin-left: -0.3em"">(</span>Бобровский, 2003; <a href=""http://km.ru:8080/magazin/view.asp?id=C12A7036E18E469CAA6022BE1699E434"">http://km.ru:8080/magazin/view.asp?id=C12A7036E18E469CAA6022BE1699E434</a>).</p>
<h3>2.7. Материальные остатки вида</h3>
<p>Долгое время после уничтожения дронта никто не мог найти доказательства существования этой птицы. Охотники за додо, разочарованные и смущенные, возвращались ни с чем. Но Дж. Кларк<span style=""margin-right: 0.3em""> </span> <span style=""margin-left: -0.3em"">(</span>рис.11.), не веря местным преданиям, упорно продолжал искать забытых каплунов. Он лазил по горам и болотам, не один камзол изорвал о колючие кусты, копал землю, рылся в пыльных осыпях на речных кручах и в оврагах. Удача всегда приходит к тому, кто упорно ее добивается. И вот Кларку повезло: на одном болоте он откопал много массивных костей крупной птицы. Ричард Оуэн<span style=""margin-right: 0.3em""> </span> <span style=""margin-left: -0.3em"">(</span>английский зоолог и палеонтолог) детально исследовал эти кости и доказал, что они принадлежат дронтам.</p>
<p><img src=""http://dront.ru/images/dront-11.jpg"" alt=""Дронты"" width=""374"" height=""242""></p>
<p>Рис. Раскопки Дж. Кларка на почтовой марке<span style=""margin-right: 0.3em""> </span> <span style=""margin-left: -0.3em"">(</span><a href=""http://www.google.ru/imghp?hl=ru"">http://www.google.ru/imghp?hl=ru</a>)</p>
<p>В конце прошлого века правительство острова Маврикия распорядилось произвести более основательные раскопки на болоте, открытом Кларком. Нашли немало костей дронтов и даже несколько полных скелетов, которые украшают сейчас залы с наиболее ценными коллекциями некоторых музеев мира.</p>
<p>После пожара в Оксфордском музее в 1755 году, сгорел последний полный комплект костей дронта.</p>
<p>Бригада голландских палеонтологов в 2006 году обнаружила на острове Маврикий часть скелета дронта<span style=""margin-right: 0.3em""> </span> <span style=""margin-left: -0.3em"">(</span>рис.). Среди найденных останков – часть бедренной кости, лапы, клюв, позвоночник и крылья дронта. Кости исчезнувшей птицы были обнаружены в высушенном болоте Маврикия. Голландские исследователи продолжают поиск и надеются обнаружить целые скелеты.</p>
<p><img src=""http://dront.ru/images/dront-12.jpg"" alt=""Кости дронта"" width=""221"" height=""276""></p>
<p>Рис. Кости дронта, найденные голландцами<span style=""margin-right: 0.3em""> </span> <span style=""margin-left: -0.3em"">(</span><a href=""http://www.google.ru/imghp?hl=ru"">http://www.google.ru/imghp?hl=ru</a>)</p>
<p>Кости дронта не такая редкость, как его яйца, хотя они и принадлежат к ценнейшим научным находкам.</p>
<p>В настоящее время сохранилось единственное яйцо дронта. Некоторые зоологи рассматривают это большое кремовой окраски яйцо как самый важный экспонат для своей науки. Оно стоит, должно быть, на сотни фунтов дороже, чем бледно-зеленое яйцо большой гагары или ископаемое яйцо цвета слоновой кости мадагаскарского эпиорниса – самой большой птицы древнего мира<span style=""margin-right: 0.3em""> </span> <span style=""margin-left: -0.3em"">(</span>Федоров, 2001).</p>
<p>Дронт вызывает немалый интерес в научном мире. Об этом свидетельствует тот факт, что перспективы восстановления этого вида методами генной инженерии активно обсуждаются в последние годы<span style=""margin-right: 0.3em""> </span> <span style=""margin-left: -0.3em"">(</span>Зеленый мир, 2007).</p>
<h3>2.8. Перспективы восстановления вида</h3>
<p>Группа американских ученых-биологов смогли выделить ДНК<span style=""margin-right: 0.3em""> </span> <span style=""margin-left: -0.3em"">(</span>рис.) птицы из скорлупы единственного яйца.</p>
<p><img src=""http://dront.ru/images/dront-18.jpg"" alt=""Яйцо дронта"" width=""155"" height=""200""></p>
<p>Рис. Нить ДНК<span style=""margin-right: 0.3em""> </span> <span style=""margin-left: -0.3em"">(</span><a href=""http://images.yandex.ru/"">http://images.yandex.ru/</a>)</p>
<p>Эксперименты с выделением палео-ДНК<span style=""margin-right: 0.3em""> </span> <span style=""margin-left: -0.3em"">(</span>то есть ДНК из ископаемых древних останков) проводятся давно. Но до сих пор исследователи применяли технологию экстракции наследственного материала из костей ископаемых животных, в частности — птиц.</p>
<p>В 1999 году британские ученые приступили к реализации программы воссоздания с использованием сохранившегося генетического материала исчезнувшего вида животного. Причем в качестве первого объекта была выбрана знаменитая птица дронт.</p>
<p>Любопытно, что в Москве, в Государственном Дарвиновском музее, имеется один из немногих скелетов дронта. Ученым известны считанные единицы скелетов<span style=""margin-right: 0.3em""> </span> <span style=""margin-left: -0.3em"">(</span>рис.) и костей дронта, а экземпляр, хранимый в Дарвиновском музее, — единственный в России.</p>
<p><img src=""http://dront.ru/images/dront-13.jpg"" alt=""Скелет дронта"" width=""192"" height=""270""></p>
<p>Рис. Скелет дронта<span style=""margin-right: 0.3em""> </span> <span style=""margin-left: -0.3em"">(</span><a href=""http://images.yandex.ru/"">http://images.yandex.ru/</a>)</p>
<p>Научные сотрудники Дарвиновского музея высказывали серьезные сомнения в благополучном исходе эксперимента, задуманного английскими учеными. Аргументы были такими. Во-первых, очень мала вероятность, что хорошо сохранилась такая сложная трехмерная структура, как ДНК. По словам сотрудников музея, даже из туш мамонтов, пролежавших в вечной мерзлоте, не удается выделить неповрежденные ДНК — все они<span style=""margin-right: 0.3em""> </span> <span style=""margin-left: -0.3em"">«</span>переломаны». Во-вторых, ДНК сама по себе не реплицируется. Чтобы запустился процесс ее деления, нужно соответствующее окружение — цитоплазма и прочие органеллы, присущие живой клетке.</p>
<p>В том-то и состоит нынешнее достижение американских биологов, что они разработали технологию выделения наследственного материала<span style=""margin-right: 0.3em""> </span> <span style=""margin-left: -0.3em"">(</span>ДНК) не из костей, а из яичной скорлупы. Авторы новой работы обнаружили, что именно в этой фракции содержится большая часть ДНК — она оказывается как бы запечатанной в матриксе из карбоната кальция. До этого, при экстракции из костей, большая часть кальция просто вымывалась из исходного материала. Ведь раньше как поступали — из остатков костного материала специальными методами делали выжимку; помещали ее в физиологический раствор и вымывали все лишнее. Затем отбирали хорошо сохранившиеся клетки и<span style=""margin-right: 0.3em""> </span> <span style=""margin-left: -0.3em"">«</span>выколупывали» из них ядра<span style=""margin-right: 0.3em""> </span> <span style=""margin-left: -0.3em"">(</span>напомним, именно в ядрах содержится ДНК).<br>Успех оказался даже большим, чем ожидали. Удалось получить не только ядерную ДНК, но и ДНК так называемых митохондрий — органелл, работающих как энергетические станции клетки. Митохондриальная ДНК меньше ядерной, поэтому она лучше сохраняется в образцах и ее легче извлечь. Однако она несет значительно меньше информации о живом существе. К тому же эта информация передается потомству только по женской линии.</p>
<p>По словам ученых, скорлупа — более удобный источник ДНК не только потому, что из нее легче извлечь нуклеиновые кислоты. Дополнительным преимуществом является меньшая<span style=""margin-right: 0.3em""> </span> <span style=""margin-left: -0.3em"">«</span>привлекательность» скорлупы для бактерий, ДНК которых загрязняет ДНК искомых видов и затрудняет работу с ней.</p>
<p>И тем не менее открытым остается самый интригующий вопрос: можно ли использовать полученные ДНК для воссоздания давно вымерших животных?</p>
<p>Фундаментальных ограничений для процесса клонирования, кажется, нет. Принципиальная схема ясна: пересаживаем полученные клеточные ядра в яйцеклетки коров, предварительно лишенные родных ядер<span style=""margin-right: 0.3em""> </span> <span style=""margin-left: -0.3em"">(</span>с яйцеклетками коров удобнее работать: они большие по размерам, налажена технология их производства, существуют банки таких клеток); затем<span style=""margin-right: 0.3em""> </span> <span style=""margin-left: -0.3em"">«</span>суррогатная» мать родственного вида вынашивает эмбрион… Остается только подождать. В случае с клонированной овцой Долли вероятность успеха составила 0,02%<span style=""margin-right: 0.3em""> </span> <span style=""margin-left: -0.3em"">(</span>Морозов, 2010).</p>
<h2>Литература:</h2>
<p>1. Акимушкин, И. Трагедия диких животных М.: Мысль, 1969. – 176с.</p>
<p>2. Бобровский, Н.Е. Жил-был дронт, или книга о птице, которой больше нет. – М.: Радис РРЛ, 2003. – 64с.</p>
<p>3. Грин, Л. Острова, не тронутые временем. М.: Армада-пресс, 2000. – 320с.</p>
<p>4. Группа голландских палеонтологов//Зеленый мир. – 2007. — № 13-14</p>
<p>5. Даррелл, Д. По всему свету, Моя семья, Птицы, звери и родственники/пер. Жданова Л. Л. – М.: Армада-пресс, 2002. – 576с.</p>
<p>6. Додо //Ледниковый период. Коллекция животных. — М., 2009. — № 22. – С. 4-5</p>
<p>7. Жизнь животных/ под ред. В.Д. Ильичева, Д.В. Михеева. – М.: Просвещение, 1986. — 528с.</p>
<p>8. Леопольд, О. Календарь песчаного графства, Роберт Мак-Кланг Исчезающие животные. – М.: Армада-пресс, 2000. – 480 с.</p>
<p>9. Мироненко, О.Н. Вопросы сохранения биоразнообразия при принятии управленческих решений/ О.Н. Мироненко, Н.В. Карлова, М.М. Силантьева: пособие для управленческого персонала регионального и муниципального уровней. — Барнаул, 2009. – 168с.</p>
<p>10. Морозов, А. В очень авторитетном американском научном/А. Морозов// Зеленый мир. – 2010. — № 21-22. – С. 1</p>
<p>11. Новиков, Г.А. Полевые исследования экологии наземных позвоночных животных / Г.А. Новиков. – Ленинград: Советская наука, 1949. – 562с.</p>
<p>12.<span> </span>Песков, В. Они ушли/ В. Песков// Комсомольская правда. — 13 августа, 1999. — С. 17</p>
<p>13.<span> </span>Птицы СССР. История изучения. Гагары, поганки, трубконосые./ под ред. В.А. Ильичева, В.Е. Флинт. – М.: Наука, 1982. – 446с.</p>
<p>14.<span> </span>Сохранение и восстановление биоразнообразия. — М.: Издательство Научного и учебно-методического центра, 2002. — 286с.</p>
<p>15.<span> </span>Федоров, Ю. Единственное яйцо/ Ю. Федотов// Нижегородский рабочий. – 2001. — № 156. – С. 11</p>
<h2>Интернет-источники:</h2>
<p>1. <a href=""http://ru.wikipedia.org/wiki/Raphidae"">http://ru.wikipedia.org/wiki/Raphidae</a></p>
<p>2. <a href=""http://www.mybirds.ru/forums/lofiversion/index.php/t58317.html"">http://www.mybirds.ru/forums/lofiversion/index.php/t58317.html</a></p>
<p>3. <a href=""http://erudity.ru/t215_21.html"">http://erudity.ru/t215_21.html</a></p>
<p>4. <a href=""http://www.ecosystema.ru/07referats/01/dodo.htm"">http://www.ecosystema.ru/07referats/01/dodo.htm</a></p>
<p>5. <a href=""http://www.zooeco.com/strany/str-africa-10.html"">http://www.zooeco.com/strany/str-africa-10.html</a></p>
<p>6. <a href=""http://www.megabook.ru/Article.asp?AID=630785"">http://www.megabook.ru/Article.asp?AID=630785</a></p>
<p>7. <a href=""http://km.ru:8080/magazin/view.asp?id=C12A7036E18E469CAA6022BE1699E434"">http://km.ru:8080/magazin/view.asp?id=C12A7036E18E469CAA6022BE1699E434</a></p>
<p>8. <a href=""http://rcio.pnzgu.ru/personal/39/2/7/dodo.htm"">http://rcio.pnzgu.ru/personal/39/2/7/dodo.htm</a></p>
<p>9. <a href=""http://www.enchantedlearning.com/subjects/birds/printouts/Dodo.shtml"">http://www.enchantedlearning.com/subjects/birds/printouts/Dodo.shtml</a></p>
<p>10.<span> </span><a href=""http://www.bestreferat.ru/referat-6576.html"">http://www.bestreferat.ru/referat-6576.html</a></p>
<p>11. <a href=""http://en.wikipedia.org/wiki/Dodo"">http://en.wikipedia.org/wiki/Dodo</a></p>
<p>12.<span> </span><a href=""http://www.gumer.info/bibliotek_Buks/Science/lei/01.php"">http://www.gumer.info/bibliotek_Buks/Science/lei/01.php</a></p>
<h2>Дополнительные иллюстрации</h2>
<p><img src=""http://dront.ru/images/dront-14.jpg"" alt=""Дронт птица"" width=""305"" height=""543""></p>
<p><img src=""http://dront.ru/images/dront-15.jpg"" alt=""Дронт фото"" width=""504"" height=""362""></p>
<p><img src=""http://dront.ru/images/dront-16.jpg"" alt=""Дронт картинка"" width=""600"" height=""488""></p>
<p><img src=""http://dront.ru/images/dront-17.jpg"" alt=""Дронты"" width=""291"" height=""365""></p>
<br>

",,http://dront.ru/images/dront-2.jpg|http://dront.ru/images/dront-3.png|http://dront.ru/images/dront-4.jpg|http://dront.ru/images/dront-5.jpg|http://dront.ru/images/dront-6.jpg|http://dront.ru/images/dront-7.jpg|http://dront.ru/images/dront-8.jpg|http://dront.ru/images/dront-9.jpg|http://dront.ru/images/dront-10.jpg|http://dront.ru/images/dront-11.jpg|http://dront.ru/images/dront-12.jpg|http://dront.ru/images/dront-18.jpg|http://dront.ru/images/dront-13.jpg|http://dront.ru/images/dront-14.jpg|http://dront.ru/images/dront-15.jpg|http://dront.ru/images/dront-16.jpg|http://dront.ru/images/dront-17.jpg
cheboksarskaya,http://dront.ru/cheboksarskaya/balakhna/,"Балахнинский район","
<ul>
<li>
<a href=""http://dront.ru/files/cheboksarskaya/balakhna-soldatov.doc"">Выступление Солдатовой</a><span style=""margin-right: 0.3em""> </span> <span style=""margin-left: -0.3em"">(doc</span>)</li>
<li>
<a href=""http://dront.ru/files/cheboksarskaya/balakhna-chikovitova.doc"">Выступление Чиковитовой</a><span style=""margin-right: 0.3em""> </span> <span style=""margin-left: -0.3em"">(doc</span>)</li>
<li>
<a href=""http://dront.ru/files/cheboksarskaya/balakhna-orehov.doc"">Выступление Орехова</a><span style=""margin-right: 0.3em""> </span> <span style=""margin-left: -0.3em"">(doc</span>)</li>
<li>
<a href=""http://dront.ru/files/cheboksarskaya/rasskazova.doc"">Выступление Рассказовой</a><span style=""margin-right: 0.3em""> </span> <span style=""margin-left: -0.3em"">(doc</span>)</li>
</ul>

<br>

",,http://dront.ru/files/cheboksarskaya/balakhna-soldatov.doc|http://dront.ru/files/cheboksarskaya/balakhna-chikovitova.doc|http://dront.ru/files/cheboksarskaya/balakhna-orehov.doc|http://dront.ru/files/cheboksarskaya/rasskazova.doc
root,http://dront.ru/faunistika/,Фаунистика,"<p><img src=""http://dront.ru/images/faunistika/wildlifemonitoring2.png"" alt="""" width=""182"" height=""143""></p>
<p><strong>В современном мире, где веб-индустрия внесла изменения в каждый аспект жизни людей, геоинформационные системы<span style=""margin-right: 0.3em""> </span> <span style=""margin-left: -0.3em"">(</span>ГИС) также испытали на себе влияние интернет-технологий. Так появилась на свет веб-ГИС. Её использует каждый пользователь Интернет, например, ищущий адреса в незнакомом городе с использованием картографического ресурса Google в режиме онлайн.</strong></p>
<p>Веб-ГИС – это ГИС-система, использующая веб-технологии для связи отдельных компонентов системы. Она составлена из инструментов данных для хранения, восстановления, управления и анализа пространственных данных; это разновидность распределенной информационной системы, простая архитектура которой имеет, по меньшей мере, одного клиента – настольное приложение или приложение для браузера и один сервер – приложение веб-сервера, с которым связывается клиент.</p>
<p>Несмотря на достаточно динамичное развитие веб-ГИС, в мире, а тем более в России, до сих пор очень мало систем, созданных для мониторинга объектов живой природе. Поэтому экологический центр<span style=""margin-right: 0.3em""> </span> <span style=""margin-left: -0.3em"">«</span>Дронт» рад представить пользователям веб-ГИС<span style=""margin-right: 0.3em""> </span> <span style=""margin-left: -0.3em"">«</span>Фаунистика», в разработке которой принимали непосредственное участие наши сотрудники.</p>
<p><span>В рамках совместного проекта Российской сети изучения и охраны пернатых хищников, Средневолжского клуба любителей птиц, Сибэкоцентра и Экоцентра</span><span> </span><span style=""margin-right: 0.3em""> </span> <span><span style=""margin-left: -0.3em"">«</span></span><span>Дронт», поддерживаются разделы</span><span> </span><span style=""margin-right: 0.3em""> </span> <span><span style=""margin-left: -0.3em"">«</span></span><span>Пернатые хищники Мира»,</span><span> </span><span style=""margin-right: 0.3em""> </span> <span><span style=""margin-left: -0.3em"">«</span></span><span>Птицы Северной Евразии» и</span><span> </span><span style=""margin-right: 0.3em""> </span> <span><span style=""margin-left: -0.3em"">«</span></span><span>Нестбоксинг».</span></p>
<p> </p>
<p><a href=""http://wildlifemonitoring.ru/sgpa/index.php?species_type_id=russia_raptors"" target=""_blank""><strong>Раздел<span style=""margin-right: 0.3em""> </span> <span style=""margin-left: -0.3em"">«</span>Пернатые хищники Мира</strong>»</a> — детище программы<span style=""margin-right: 0.3em""> </span> <span style=""margin-left: -0.3em"">«</span>Фаунистика» Российской сети изучения и охраны пернатых хищников. Подробно с программой можно ознакомиться на <a href=""http://rrrcn.ru/ru/birdwatching"" target=""_blank"">сайте Сети</a>:</p>
<p><a href=""http://wildlifemonitoring.ru/sgpa/index.php?species_type_id=russia_raptors"" target=""_blank""><img src=""http://dront.ru/images/faunistika/raptors.png"" alt="""" width=""200"" height=""136""></a></p>
<p> </p>
<p><a href=""http://wildlifemonitoring.ru/sgpa/index.php?species_type_id=nestboxing"" target=""_blank""><strong>Раздел<span style=""margin-right: 0.3em""> </span> <span style=""margin-left: -0.3em"">«</span>Нестбоксинг»</strong> </a>— детище одноименной программы Российской сети изучения и охраны пернатых хищников. Подробно с программой можно ознакомиться на <a href=""http://rrrcn.ru/ru/nestboxes"" target=""_blank"">сайте Сети</a>:</p>
<p><a href=""http://wildlifemonitoring.ru/sgpa/index.php?species_type_id=nestboxing"" target=""_blank""><img src=""http://dront.ru/images/faunistika/2um.png"" alt="""" width=""133"" height=""200""></a></p>
<p> </p>
<p><strong><a href=""http://wildlifemonitoring.ru/sgpa/index.php?species_type_id=russia_birds"" target=""_blank"">Раздел<span style=""margin-right: 0.3em""> </span> <span style=""margin-left: -0.3em"">«</span>Птицы Северной Евразии»</a></strong> — детище Сибирского экологического центра и Алтайского отделения Союза охраны птиц России для ведения базы данных по птицам орнитологами-любителями.</p>
<p><a href=""http://wildlifemonitoring.ru/sgpa/index.php?species_type_id=russia_birds"" target=""_blank""><img src=""http://dront.ru/images/faunistika/russia_birds_ru.png"" alt="""" width=""200"" height=""136""></a></p>
<p> </p>
<p>Пользователем веб-ГИС<span style=""margin-right: 0.3em""> </span> <span style=""margin-left: -0.3em"">«</span>Фаунистика» может стать любой пользователь сети Интернет, желающий внести свой вклад в понимание фенологии, распространения и численности птиц, испытывающий необходимость вести базу данных личных наблюдений птиц онлайн, делиться избранными наблюдениями с коллегами, участвовать в дискуссиях по идентификации птиц, оперативно выводить отчёты и фотоотчёты по различным выборкам наблюдений, экспортировать свои данные в настольные ГИС.</p>
<p><strong>Добро пожаловать в веб-ГИС<span style=""margin-right: 0.3em""> </span> <span style=""margin-left: -0.3em"">«</span>Фаунистика»!</strong></p>
<p><strong><em><a href=""http://rrrcn.ru/birdwatching/instruction-web-gis"">Инструкция для пользователей</a>.</em></strong></p>
<p><strong><em><a href=""http://rrrcn.ru/forum/viewforum.php?f=47"" target=""_blank"">Форум</a>. </em></strong></p>
<br>

",,http://dront.ru/images/faunistika/wildlifemonitoring2.png|http://dront.ru/images/faunistika/raptors.png|http://dront.ru/images/faunistika/2um.png|http://dront.ru/images/faunistika/russia_birds_ru.png
