import,http://dront.ru/publications/,"Статьи и публикации","<ul >
<li>
<span > </span> <span ><span >«</span></span><a  href=""http://dront.ru/files/publications/chto-takoe-prirodoohrannoe-dvizhenie.zip"">Что такое природоохранное движение</a><span >», А. А. Брудный<span > </span> <span >(13</span>.3 Кб).</span>
</li>
<li>
<span > </span> <span ><span >«</span></span><a  href=""http://dront.ru/files/publications/mir-mezhdu-dvuh-ekologiy.rar"">Мир между двух экологий</a><span >», С. Криницын<span > </span> <span >(287</span> Кб).</span>
</li>
<li>
<span > </span> <span ><span >«</span></span><a  href=""http://dront.ru/files/publications/Factor_Four.doc"">Фактор Четыре</a><span >», Эрнст фон Вайцзеккер, Эймори Б. Ловинс, Л. Хантер Ловинс<span > </span> <span >(3</span>.6 Мб).</span>
</li>
<li>
<span > </span> <span ><span >«</span></span><a  href=""http://dront.ru/files/publications/Limits_to_Growth.rar"">Пределы роста</a><span >», Д. Медоуз, Й. Рандерс, Д. Медоуз<span > </span> <span >(7</span>.24 Мб).</span>
</li>
<li>
<span > </span> <span ><span >«</span></span><a  href=""http://dront.ru/files/publications/zhitkov_buturlin.pdf"">Материалы для орнитофауны Симбирской губернии</a><span >», Б. М. Житков, С. А. Бутурлин, С.-Петербург, 1906 г.<span > </span> <span >(16</span>.4 Мб).</span>
</li>
<li>
<span > </span> <span ><span >«</span></span><a  href=""http://dront.ru/files/publications/serebrovsky-1918.pdf"">Материалы к изучению орнитофауны Нижегородской губернии</a><span >», П. В. Серебровский<span > </span> <span >(10</span>.1 Мб).</span>
</li>
<li>
<span > </span> <span ><span >«</span></span><a  href=""http://dront.ru/files/publications/1915.pdf"">Материалы к познанию флоры и фауны Российской империи</a><span >», Б. Д. Кирпичников<span > </span> <span >(8</span>.73 Мб).</span>
</li>
</ul>
<ul>
</ul>
<p>На базе экоцентра<span > </span> <span >«</span>Дронт» выпущено много книг и методических пособий. Самые удачные работы мы публикуем в этом разделе — научные исследования, методички для школьников, студентов и преподавателей, отчеты о проделанной работе, результаты акций.</p>
<h2>2017</h2>
<ul>
<li>
<a href=""http://dront.ru/files/publications/2017/zapiski-2016.doc"" target=""_blank""><span>И.Л. Мининзон. Записки ботаника. </span><span class=""wmi-callto"">1990-2016</span></a><br><a  href=""http://dront.ru/files/publications/2017/Flora_NN_XI.doc"" target=""_blank"">И.Л.Мининзон. Флора Нижнего Новгорода. Одиннадцатая электронная</a>
</li>
<li><a href=""http://dront.ru/files/publications/2017/Flora_NN_XI.doc"" target=""_blank""><span>версия.</span></a></li>
<li><a href=""http://dront.ru/files/publications/2017/Ch-K-VI.doc"" target=""_blank""><span>И.Л.Мининзон, О.В.Тростина. Черная книга флоры Нижегородской области.</span><br><span>Шестая электронная версия.</span></a></li>
</ul>
<h2>2016</h2>
<ul>
<li>
<a href=""http://dront.ru/files/publications/2016/Rastenia-detyam.pdf"" target=""_blank"">Буклет<span > </span> <span >«</span>Растения дарят здоровье детям!</a>»<span > </span> <span >(pdf</span> — 1,25 Мб)</li>
<li>
<a  href=""http://dront.ru/files/publications/2016/Katalog%20gerbaria%20Botsada-3.doc"" target=""_blank"">И.Л. Мининзон. Каталог гербария Ботсада</a><span ><span > </span> <span >(doc</span></span>)</li>
<li>
<a href=""http://dront.ru/files/publications/2016/zapiski-2015.doc"" target=""_blank"">И.Л. Мининзон.<span > </span> <span >«</span>Записки ботаника»</a><span > </span> <span >(doc</span>)</li>
<li>
<a href=""http://dront.ru/files/publications/2016/Flora_NN_X.doc"" target=""_blank"">И.Л. Мининзон. Флора Нижнего Новгорода. Десятая электронная версия</a><span > </span> <span >(doc</span>)</li>
<li>
<a href=""http://dront.ru/files/publications/2016/Ch-K-V.doc"" target=""_blank"">И.Л. Мининзон, О.В.Тростина, Черная книга флоры Нижегородской области. Пятая электронная версия</a><span > </span> <span >(doc</span>)<a href=""http://dront.ru/files/publications/2015/Udod-1str.jpg""></a>
</li>
</ul>
<h2>2015</h2>
<ul>
</ul>
<ul>
</ul>
<ul>
<li>
<a href=""http://dront.ru/files/publications/2016/Stepi.pdf"">С.Бакка, Н.Киселева.<span > </span> <span >«</span>Степи Нижегородской области»</a><span > </span> <span >(pdf</span> — 37 Мб)</li>
<li>
<a  href=""http://dront.ru/files/publications/2015/Udod-1str.jpg"">Буклет<span > </span> <span >«</span>Удод — птица 2016 года» — 1 страница</a><span ><span > </span> <span >(jpeg</span> — 3,2 Мб)</span>
</li>
<li>
<a href=""http://dront.ru/files/publications/2015/Udod-2str.jpg"">Буклет<span > </span> <span >«</span>Удод — птица 2016 года» — 2 страница</a> <span><span > </span> <span >(jpeg</span> — 3,2 Мб)</span>
</li>
<li>
<span > </span> <a href=""http://dront.ru/files/publications/2015/Issledovatelskaya-deyatelnost.pdf""><span >«</span>Исследовательская деятельность школьников в экологическом лагере»</a><span > </span> <span >(pdf</span> — 0.5 Мб)</li>
<li>
<a href=""http://dront.ru/files/publications/2015/Vospominanya.doc"">И.Л.Мининзон.<span > </span> <span >«</span>Воспоминания старого натуралиста»</a><span > </span> <span >(doc</span>)</li>
<li>
<span > </span> <a href=""http://dront.ru/files/publications/2015/Pticy.pdf"" target=""_blank""><span >«</span>Птицы Керженского заповедника»</a><span > </span> <span >(pdf</span> — 7,4 Мб)</li>
<li>
<a href=""http://dront.ru/files/publications/2015/Ch-kn-IV.doc"">И.Л.Мининзон, О.В.Тростина.<span > </span> <span >«</span>Черная книга флоры Нижегородской области». Четвертая электронная версия</a><span > </span> <span >(doc</span>)</li>
<li>
<a href=""http://dront.ru/files/publications/2015/Flora_NN_IX.doc"">И.Л.Мининзон.<span > </span> <span >«</span>Флора Нижнего Новгорода». Девятая электронная версия</a><span > </span> <span >(doc</span>)</li>
<li>
<a href=""http://dront.ru/files/publications/2014/zapiski-2014.doc"">И.Л. Мининзон.<span > </span> <span >«</span>Записки ботаника»</a><span > </span> <span >(doc</span>)</li>
<li>
<a href=""http://dront.ru/files/publications/2015/Kak%20zashitit%20derevo.pdf"">Буклет<span > </span> <span >«</span>Как защитить дерево»</a><span > </span> <span >(pdf</span> — 6,4 Мб)</li>
<li>
<a href=""http://dront.ru/files/publications/2015/Katalog%20gerbaria%20Botsada.doc"">Мининзон.<span > </span> <span >«</span>Каталог гербария Ботсада — редкие виды сосудистых растений»</a><span > </span> <span >(doc</span>)</li>
</ul>
<h2><span >2014</span></h2>
<ul>
<li>
<a href=""http://dront.ru/files/publications/2014/Redkie%20vidy-4.pdf"">Редкие виды живых организмов Нижегородской области. Выпуск 4</a><span > </span> <span >(pdf</span> — 3,2 Мб)</li>
<li>
<a href=""http://dront.ru/files/publications/2014/Red-book-NO/Krasnay%20kniga-2014-1.pdf"">Красная книга Нижегородской области. Том 1. Часть 1. Млекопитающие</a><span > </span> <span >(pdf</span> — 11,7 Мб)</li>
<li>
<a href=""http://dront.ru/files/publications/2014/Red-book-NO/Krasnay%20kniga-2014-2.pdf"">Красная книга Нижегородской области. Том 1. Часть 1. Птицы</a> <span><span > </span> <span >(pdf</span> — <span>18</span>,1 Мб)</span>
</li>
<li><span><a href=""http://dront.ru/files/publications/2014/Red-book-NO/Krasnay%20kniga-2014-3.pdf"">Красная книга Нижегородской области, Том 1. Часть 1. Прочие позвоночные</a> <span><span > </span> <span >(pdf</span> — 7,2 Мб)</span><br></span></li>
<li><span><span><a href=""http://dront.ru/files/publications/2014/Red-book-NO/Krasnay%20kniga-2014-4.pdf"">Красная книга Нижегородской области. Том 1. Часть 2. Насекомые</a> <span><span > </span> <span >(pdf</span> — 33,7 Мб)</span><br></span></span></li>
<li><span><span><span><a href=""http://dront.ru/files/publications/2014/Red-book-NO/Krasnay%20kniga-2014-5.pdf"">Красная книга Нижегородской области. Том 1. Часть 2. Прочие беспозвоночные</a> <span><span > </span> <span >(pdf</span> — 17,3 Мб)</span><br></span></span></span></li>
<li>
<a  href=""http://dront.ru/files/publications/2014/Zmei%20zapodednika.pdf"">Буклет<span > </span> <span >«</span>Земноводные и пресмыкающиеся Керженского заповедника»</a><span ><span > </span> <span >(pdf</span> — 11,7 Мб)</span>
</li>
<li><span ><a href=""http://dront.ru/files/publications/2015/Vesna-Ptitsy-buklet-2014.pdf"">Буклет<span > </span> <span >«</span>Весна — время размножения птиц»</a><span > </span> <span >(pdf</span> — 3,6 Мб)</span></li>
<li>
<a  href=""http://dront.ru/files/publications/2014/Gorihvostka.zip"">Буклет<span > </span> <span >«</span>Горихвостка-птица 2015 года»</a><span ><span > </span> <span >(rar</span> — 1,2 Мб)</span>
</li>
<li>
<span > </span> <a  href=""http://dront.ru/files/publications/2015/Albom-stikerov.pdf""><span >«</span>Птицы Красной книги Нижегородской области». Альбом стикеров</a><span ><span > </span> <span >(pdf</span> — 34,1 Мб)</span>
</li>
<li>
<span > </span> <span ><span >«</span></span><a  href=""http://dront.ru/files/publications/2014/KOTR-NO.pdf"">Ключевые орнитологические территории Нижегородской области». Бакка. С.В., Киселева Н. Ю., Денисов Д. А., Одрова Л. Н.</a><span ><span > </span> <span >(pdf</span> — 15 Мб)</span>
</li>
<li>
<span > </span> <span ><span >«</span></span><a  href=""http://dront.ru/files/publications/2014/Ekologicheskiye-skazki.pdf"">Экологические сказки». <span class=""js-extracted-address daria-action mail-message-map-link"">М.М.Ушакова</span>, А.В.Головачева</a><span ><span > </span> <span >(pdf</span> — 1,5 Мб)</span>
</li>
<li>
<a  href=""http://dront.ru/files/publications/2014/Kak-vyliechit-derevo.pdf"">Буклет<span > </span> <span >«</span>Как вылечить дерево»</a><span ><span > </span> <span >(pdf</span> — 20 Мб)</span>
</li>
<li>
<a  href=""http://dront.ru/files/publications/Methodical-recomendations.pdf""><span >Методические рекомендации по оценке влияния сельскохозяйственных </span><span >производственных процессов на объекты животного мира и мероприятия по </span></a><span ><a href=""http://dront.ru/files/publications/Methodical-recomendations.pdf"">минимизации ущерба</a><span > </span> <span >(pdf</span> — 9 Мб)</span>
</li>
<li>
<a  href=""http://dront.ru/files/publications/14.07.14%20eco_prava.pdf"">Брошюра<span > </span> <span >«</span>Защити свои экологические права»</a><span ><span > </span> <span >(pdf</span> — 10 Мб)</span>
</li>
<li>
<span > </span> <a  href=""http://dront.ru/files/publications/2014/Vesna-vremia-razmnozheniya-ptits.pdf""><span >«</span>Весна — время размножения птиц»</a><span >, буклет<span > </span> <span >(4</span>.3 Mб)</span>
</li>
<li>
<a  href=""http://dront.ru/files/publications/2014.02.11-Black_Book-NN-III.doc"">И.Л. Мининзон. О.В. Тростина. Черная книга флоры Нижегородской области. Третья электронная версия.</a><span ><span > </span> <span >(doc</span></span>)</li>
<li>
<span ><a href=""http://dront.ru/files/publications/2014.02.11-Flora_NN_VIII.doc"">И.Л. Мининзон. Флора Нижнего Новгорода. Восьмая электронная версия.</a><span > </span> <span >(doc</span></span><span >)</span>
</li>
</ul>
<h2><span >2013</span></h2>
<ul>
</ul>
<ul>
<li>Фотоопределитель<span > </span> <span >«</span><a href=""http://dront.ru/files/publications/13.12.31%20Guseobraznyye%20ptitsy.pdf"">Гусеобразные и другие водоплавающие птицы Нижегородской области</a>»<span > </span> <span >(6</span>.4 Мб)</li>
<li>Фотоальбом<span > </span> <span >«</span><a href=""http://dront.ru/files/publications/13.12.30%20Hischnyye%20Ptitsy.pdf"">Хищные птицы Нижегородской област</a>и»<span > </span> <span >(20</span> Мб).</li>
<li>
<span >Информационно-методическа</span><span >я брошюра </span><span > </span> <a  href=""http://dront.ru/files/publications/13.12.28%20Trava%20u%20doma.pdf""><span >«</span>Трава у дома»</a><span ><span > </span> <span >(pdf</span>, 17 Мб)</span>
</li>
<li>
<span >М.М.Ушакова, А.В.Головачева. </span><span > </span> <a  href=""http://dront.ru/files/publications/13.12.28%20Ornitologicheskaya%20igroteka.pdf""><span >«</span>Орнитологическая игротека»</a><span ><span > </span> <span >(pdf</span>, 1,3 Мб)</span>
</li>
<li>
<span >Буклет </span><span > </span> <a  href=""http://dront.ru/files/publications/13.12.28%20Buklet%20Ozenka%20vliyaniya.pdf""><span >«</span>Оценка влияния сельскохозяйственных производственных процессов</a> <a  href=""http://dront.ru/files/publications/13.12.28%20Buklet%20Ozenka%20vliyaniya.pdf"">на объекты животного мира»</a><span ><span > </span> <span >(pdf</span>, 1,2 Мб)</span>
</li>
<li>
<span >Буклет </span><span > </span> <a  href=""http://dront.ru/files/publications/Buklet%20Strizh%20ptitsa%202014.jpg""><span >«</span>Стриж — птица 2014 года»</a><span ><span > </span> <span >(jpeg</span>, 1,8 Мб)</span>
</li>
<li>
<span >Буклет </span><span > </span> <a  href=""http://dront.ru/files/publications/Detskiy%20Sad%20Zelenyy%20sad.jpg""><span >«</span>Детский сад — зеленый сад»</a><span ><span > </span> <span >(jpeg</span>, 710 Кб)</span>
</li>
<li>
<span >Обзор<span > </span> <span >«</span></span><a  href=""http://dront.ru/files/publications/Flora_NN_2013.doc"">Флора Нижнего Новгорода</a><span >», И.Л.Мининзон<span > </span> <span >(doc</span>, 1.7 Мб)</span>
</li>
<li>
<span >Межрегиональный Фотоконкурс </span><span > </span> <a  href=""http://dront.ru/files/publications/albom.pdf""><span >«</span>Родная природа»</a><span ><span > </span> <span >(</span>фотоальбом-каталог — pdf, 62 Мб)</span>
</li>
</ul>
<h2>2012</h2>
<ul>
<li>Ушакова. <a href=""http://dront.ru/files/publications/po_stranitsam_ecologicheskogo_kalendarya.pdf"">По страницам экологического календаря</a><span > </span> <span >(pdf</span>, 2.5 Мб)</li>
<li>Фотоальбом<span > </span> <span >«</span><a href=""http://dront.ru/files/publications/kluch_v_zemlu_zamok-v-nebo.pdf"">Ключ в небо, замок — в землю</a>»<span > </span> <span >(</span>традиции неразрушающего природопользования)<span > </span> <span >(pdf</span>, 4.7 Мб)</li>
<li>
<a href=""http://dront.ru/files/publications/yarmarka_best_works.pdf"">Ярмарка экологических проектов — лучшие работы</a><span > </span> <span >(pdf</span>, 565 Кб)</li>
<li>Буклет<span > </span> <span><span >«</span></span><a href=""http://dront.ru/files/publications/orlan.zip"">Орлан-белохвост — птица 2013 года</a><span>»<span > </span> <span >(zip</span>, 1.18 Мб)<br></span>
</li>
<li>Б<span>уклет<span > </span> <span >«</span><a href=""http://dront.ru/files/publications/pokormite_ptits.zip"">Покормите птиц</a>»<span > </span> <span >(1</span>.01 Мб)</span>
</li>
<li>Книга<span > </span> <span >«</span><a href=""http://dront.ru/files/publications/spasaem-ot-svalok.pdf"">Спасаем от свалок свой город</a>»<span > </span> <span >(pdf</span>, 31.7 Мб)</li>
<li>М.Ушакова,<span > </span> <span >«</span><a href=""http://dront.ru/files/publications/ornitologicheskaya-azbuka.pdf"">Орнитологическая азбука</a>»<span > </span> <span >(pdf</span>, 10.9 Мб)</li>
<li>
<a href=""http://dront.ru/files/publications/risunki_k_azbuke.zip"">Рисунки к<span > </span> <span >«</span>Азбуке»</a><span > </span> <span >(zip</span>, 35.9 Мб)</li>
<li>Буклет<span > </span> <span >«</span><a href=""http://dront.ru/files/publications/dni-nabludeniy-ptits.zip"">Дни наблюдений птиц</a>»<span > </span> <span >(zip</span>, 1.66 Мб)</li>
<li>Буклет<span > </span> <span >«</span><a href=""http://dront.ru/files/publications/lamps.pdf"">Куда можно сдать отработанные энергосберегающие ртутьсодержащие лампы</a>?»<span > </span> <span >(pdf</span>, 1.37 Мб)</li>
<li>Буклет<span > </span> <span >«</span><a href=""http://dront.ru/files/publications/varakushka.zip"">Варакушка — птица 2012 года</a>»<span > </span> <span >(zip</span>, 1.1 Мб)</li>
<li>Буклет<span > </span> <span >«</span><a href=""http://dront.ru/files/publications/kak-posadit-derevo.zip"">Как посадить дерево</a>»<span > </span> <span >(zip</span>, 1.8 Мб)</li>
<li>Буклет<span > </span> <span >«</span><a href=""http://dront.ru/files/publications/domiki-dlya-ptits.zip"">Строим домики для птиц</a>»<span > </span> <span >(zip</span>, 1.3 Мб)</li>
<li>Обзор<span > </span> <span >«</span><a href=""http://dront.ru/files/publications/Flora_NN_2012.doc"">Флора Нижнего Новгорода</a>», И. Л. Мининзон<span > </span> <span >(1</span>.61 Мб)</li>
</ul>
<h2>2011</h2>
<ul>
<li><span>Областная целевая программа<span > </span> <span >«</span><a href=""http://dront.ru/files/publications/razvitie-sistemy-obrasheniya-s-othodami.doc"">Развитие системы обращения с отходами производства и потребления в Нижегородской области на <span class=""wmi-callto"">2009–2014 </span>годы</a>». Информационные материалы<span > </span> <span >(20</span> Мб)<br></span></li>
<li><span>Книжка-раскраска<span > </span> <span >«</span><a href=""http://dront.ru/files/publications/2011-raskraska.pdf"">О лесных жителях, хулигане и весенних палах</a>»<span > </span> <span >(1</span>.5 Мб)</span></li>
<li>
<span > </span> <span><span >«</span><a href=""http://dront.ru/files/publications/2011-raznoobrazie.zip"">Пути и методы сохранения биологического разнообразия</a>»<span > </span> <span >(zip</span>, 6.19 Мб)</span>
</li><span > </span> <li>
<span >«</span><a href=""http://dront.ru/files/publications/2011-redkie-vidy.rar"">Редкие виды живых организмов Нижегородской области</a>». Сборник рабочих материалов Комиссии по Красной книге Нижегородской области. Выпуск 3<span > </span> <span >(rar</span>, 17.3 Мб)</li>
<li>Фотоальбом<span > </span> <span >«</span><a href=""http://dront.ru/files/publications/klad-solnca.rar"">Кладовые солнца: растения и животные болот</a>»<span > </span> <span >(rar</span>, 116 Мб)</li>
<li>Фотоальбом<span > </span> <span >«</span><a href=""http://dront.ru/files/publications/babochki-no.rar"">Бабочки Нижегородской области</a>» <span > </span> <span >(rar</span>, 158 Мб)</li>
<li>
<a href=""http://dront.ru/files/publications/Matsyna.pdf"">Оценка птицеопасности ВЛ 6-10 КВ Адыгеи и Краснодарского края</a><span > </span> <span >(pdf</span>, 1.5 Мб)</li>
<li>
<a href=""http://dront.ru/files/publications/organizatsiya-i-vedenie-ecologicheskih-lagerey.pdf"">Организация и проведение экологических лагерей</a><span > </span> <span >(pdf</span>, 244 Кб)</li>
<li>Буклет<span > </span> <span >«</span><a href=""http://dront.ru/files/publications/buklet-2011.rar"">Всемирные дни наблюдений птиц-2011</a>»<span > </span> <span >(rar</span>, 1.28 Мб).</li><span > </span> <li>
<span >«</span><a href=""http://dront.ru/files/publications/Buklet_OOPT_2011_Forest.rar"">Особо охраняемые природные территории</a>» — основа сохранения биоразнообразия Нижегородской области!<span > </span> <span >(rar</span>, 52.7 Мб).</li><span > </span> <li>
<span >«</span><a href=""http://dront.ru/files/publications/pernatye-hishniki-21-2011.pdf"">Результаты двукратных учетов гибели хищных птиц на линиях электропередачи в южной части Урало-Эмбинского междуречья весной и осенью 2010 года, Казахстан</a>» — Сараев Ф. А., Пестов М. В.<span > </span> <span >(</span>Пернатые хищники и их охрана, №                                                              21, 2011 г.)<span > </span> <span >(pdf</span>, 419 Кб).</li><span > </span> <li>
<span >«</span><a href=""http://dront.ru/files/publications/pernatye-hishniki-21-2011-vl.pdf"">Новые данные о гибели птиц на ВЛ 6-10 кВ в Калмыкии, Россия</a>» — Мацына А. И., Мацына Е. Л., Пестов М. В., Иваненко А. М., Корольков М. А.<span > </span> <span >(</span>Пернатые хищники и их охрана, №                                                              21, 2011 г.)<span > </span> <span >(pdf</span>, 443 Кб).</li><span > </span> <li>
<span >«</span><a href=""http://dront.ru/files/publications/lep-killers.pdf"">ЛЭП убивают птиц</a>» — Пестов М. В., 2011 г.<span > </span> <span >(pdf</span>, 168 Кб).</li>
<li>Плакат<span > </span> <span >«</span><a href=""http://dront.ru/files/publications/plakat-2011.jpg"">Проблема гибели птиц на ВЛ 6-10 кВ</a>»<span > </span> <span >(1</span> Мб).</li>
<li>
<a href=""http://dront.ru/files/publications/Apple.pdf"">Брошюра про последствия подъема уровня Чебоксарского водохранилища</a><span > </span> <span >(1</span>.3 Мб).</li>
<li>
<a href=""http://dront.ru/files/publications/tryasoguzka-ptitsa-goda.zip"">Трясогузка — птица года</a><span > </span> <span >(468</span> Кб).</li>
<li>
<a href=""http://dront.ru/files/publications/recomendatsii-po-obespecheniu-bezopasnosti.pdf"">Рекомендации по обеспечению безопасности объектов животного мира при эксплуатации воздушных линий связи и электропередачи на территории Нижегородской области</a><span > </span> <span >(1</span>.95 Мб).</li>
<li>
<a href=""http://dront.ru/files/publications/cheboksarskaya-ges.zip"">Буклет о Чебоксарской ГЭС</a><span > </span> <span >(1</span>.95 Мб).</li>
</ul>
<h2>2010</h2>
<ul>
<li>Буклет<span > </span> <span >«</span><a href=""http://dront.ru/files/publications/kuda-obratitsya-esli.zip"">Куда обратиться, если…</a>»<span > </span> <span >(2</span>.5 Мб).</li>
<li>
<a href=""http://dront.ru/files/publications/zakladki_energosberezhenie.zip"">Комплект закладок для книг по теме<span > </span> <span >«</span>Энергосбережение»</a><span > </span> <span >(5</span> видов)<span > </span> <span >(1</span>.63 Мб).</li><span > </span> <li>
<span >«</span><a href=""http://dront.ru/files/publications/belaya_tryasoguska.rar"">Белая трясогузка</a>», буклет, СОПР, Н. Новгород, 2010<span > </span> <span >(1</span>.30 Мб).</li><span > </span> <li>
<span >«</span><a href=""http://dront.ru/files/publications/kormlenie_ptits.rar"">Кормление птиц</a>», буклет, СОПР, Н. Новгород, 2010<span > </span> <span >(0</span>.99 Мб).</li><span > </span> <li>
<span >«</span><a href=""http://dront.ru/files/publications/ecosled.rar"">Экологический след</a>», буклет, СОПР, Н. Новгород, 2010<span > </span> <span >(834</span> Кб).</li><span > </span> <li>
<span >«</span><a href=""http://dront.ru/files/publications/chibis2010.pdf"">Чибис — птица 2010 года</a>», методическое пособие, Н. Ю. Киселева, С. В. Бакка, Н. Новгород, 2010<span > </span> <span >(1</span>.29 Мб).</li><span > </span> <li>
<span >«</span><a href=""http://dront.ru/files/publications/build_bird_houses_2010.pdf"">Строим домики для птиц</a>», методическое пособие, Н. Ю. Киселева, А. П. Левашкин, Н. Новгород, 2010<span > </span> <span >(1</span>.29 Мб).</li><span > </span> <li>
<span >«</span><a href=""http://dront.ru/files/publications/prolet_birds2010.pdf"">Методические рекомендации по проведению наблюдений за пролетом птиц</a>», С. В. Бакка, Н. Ю. Киселева, Л. П. Комаров, Н. Новгород, 2010<span > </span> <span >(0</span>.99 Мб).</li><span > </span> <li>
<span >«</span><a href=""http://dront.ru/files/publications/redbook2010.pdf"">Редкие виды живых организмов Нижегородской области</a>», Сборник рабочих материалов Комиссии по Красной книге Нижегородской области, Г. А. Ануфриев, А. И. Бакка, С. В. Бакка, Н. Ю. Киселева, И. В. Карякин, Н. Новгород, 2010<span > </span> <span >(10</span>.7 Мб).</li><span > </span> <li>
<span >«</span><a href=""http://dront.ru/files/publications/eco-igroteka.pdf"">Экологическая игротека</a>», методическое пособие, М. М. Ушакова, Н. Новгород, 2010<span > </span> <span >(1</span>.86 Мб).</li><span > </span> <li>
<span >«</span><a href=""http://dront.ru/files/publications/people_and_birds_2.pdf"">Люди и птицы</a>», Информационно-методический бюллетень Нижегодского отделения СОПР, №                                                              2, июль 2010<span > </span> <span >(465</span> Кб).</li><span > </span> <li>
<span >«</span><a href=""http://dront.ru/files/publications/people_and_birds.pdf"">Люди и птицы</a>», Информационно-методический бюллетень Нижегодского отделения СОПР, №                                                              1, май 2010<span > </span> <span >(534</span> Кб).</li><span > </span> <li>
<span >«</span><a href=""http://dront.ru/files/publications/Pestov_Cherepahi.pdf"">Пусть они живут до 100 лет, или проект<span > </span> <span >«</span>Внимание, черепаха!“ продолжается…</a>», В мире животных, №                                                              10-2010<span > </span> <span >(571</span> Кб).</li>
<li>Фотоальбом<span > </span> <span >«</span><a href=""http://dront.ru/files/publications/portrety_prirody.rar"">Портреты природы Нижегородской области</a>»<span > </span> <span >(138</span> Мб).</li><span > </span> <li>
<span >«</span><a href=""http://dront.ru/files/publications/Flora_NN_2009.doc"">Флора Нижнего Новгорода. Четвертая электронная версия. 2010</a>», И. Л. Мининзон<span > </span> <span >(1</span>.52 Мб).</li>
<li>Фотоальбом<span > </span> <span >«</span><a href=""http://dront.ru/files/publications/prikaspiy.rar"">Природа Российского Прикаспия</a>», В. Ануфриев, М. Пестов, Н. Ануфриева<span > </span> <span >(135</span> Мб).</li><span > </span> <li>
<span >«</span><a href=""http://dront.ru/files/publications/birds-monitoring-3.pdf"">Итоги мониторинга состояния и охраны гнездовых группировок редких видов дневных хищных птиц в Нижегородской области в 1988—2009 годах, Россия</a>», С. В. Бакка<span > </span> <span >(2</span>.08 Мб).</li>
</ul>
<h2>2009</h2>
<ul><span > </span> <li>
<span >«</span><a href=""http://dront.ru/files/publications/oopt.rar"">Особо охраняемые природные территории Нижегородской области</a>»<span > </span> <span >(</span>Аннотированный перечень), Бакка С. В., Киселева Н. Ю.<span > </span> <span >(146</span> Мб).</li><span > </span> <li>
<span >«</span><a href=""http://dront.ru/files/publications/Cherepaha_Abhaziya_2009_1-2_41-51.pdf"">Средиземноморская черепаха Никольского<span > </span> <span >(Testuod</span> Graeca Nikolskii) в Абхазии</a>», М. В. Пестов, В. И. Маландзия, К. Д. Мильто, Р. С. Дбар, Г. М. Пестов<span > </span> <span >(1</span>.68 Мб).</li><span > </span> <li>
<span >«</span><a href=""http://dront.ru/files/publications/ecological-education.pdf"">Экологическое воспитание дошкольников и младших школьников</a>», А. В. Головачева, М. М. Ушакова<span > </span> <span >(1</span>.22 Мб).</li><span > </span> <li>
<span >«</span><a href=""http://dront.ru/files/publications/ecological-tales.pdf"">Экологические сказки как средство воспитания экологической этики</a>», М. М. Ушакова<span > </span> <span >(4</span>.07 Мб).</li>
</ul>
<h2>2008</h2>
<ul><span > </span> <li>
<span >«</span><a href=""http://dront.ru/files/publications/national-geographic-06-2008.pdf"">Смертельно полезная Гюрза</a>», National Geographic, июнь 2008<span > </span> <span >(138</span> Кб).</li><span > </span> <li>
<span >«</span><a href=""http://dront.ru/files/publications/national-geographic-march-2008.pdf"">Ядовитая степная гадюка Vipera repardi</a>», National Geographic, март 2008<span > </span> <span >(110</span> Кб).</li><span > </span> <li>
<span >«</span><a href=""http://dront.ru/files/publications/rare-2008.pdf"">Редкие виды живых организмов Нижегородской области</a>», сборник рабочих материалов Комиссии по Красной книге Нижегородской области, выпуск 1<span > </span> <span >(4</span>.13 Мб).</li>
<li>Международное совещание:<span > </span> <span >«</span><a href=""http://dront.ru/files/publications/NK_2008_3.pdf"">Редкие виды птиц Нечерноземного центра России</a>», С. В. Бакка, Н. Ю. Киселева<span > </span> <span >(106</span> Кб).</li>
<li>Международное совещание:<span > </span> <span >«</span><a href=""http://dront.ru/files/publications/NK_2008_4.pdf"">Экологическая и экономическая эффективность биотехнических мероприятий для увеличения численности редких видов дневных хищных птиц в Нижегородской области</a>»<span > </span> <span >(</span>стр. 172—177),<span > </span> <span >«</span>Распределение, численность и экология отдельных групп и видов птиц», С. В. Бакка, Н. Ю. Киселева, Л. М. Новикова, Д. П. Катунов<span > </span> <span >(180</span> Кб).</li><span > </span> <li>
<span >«</span><a href=""http://dront.ru/files/publications/info-analitic-materials-2008.pdf"">Информационно-аналитические материалы по состоянию охраны растений, животных и их местообитаний в странах Западной Европы и России</a>»<span > </span> <span >(4</span>.85 Мб).</li>
<li>
<a href=""http://dront.ru/files/publications/springalive.pdf"">Международный проект<span > </span> <span >«</span>Весна идёт!»</a>, календарь массовых акций, Е. Л. Лыков, по материалам <a href=""http://www.springalive.net/"">springalive.net</a><span > </span> <span >(1</span>.12 Мб).</li>
</ul>
<h2>2007</h2>
<ul>
<li>
<a href=""http://dront.ru/files/publications/2015/Ornitofauna.doc""><span > </span> <span><span >«</span>Орнитофауна Нижегородской области: динамика, антропогенная </span><span>трансформация, пути сохранения». С.В.Бакка, Н.Ю.Киселева</span></a><span > </span> <span >(1</span>,25 Мб)</li>
<li>Международное совещание:<span > </span> <span >«</span><a href=""http://dront.ru/files/publications/international-conference.pdf"">Сохранение ключевых орнитологических территорий России силами общественности: проблемы и перспективы</a>», Оренбург, 19—24 марта 2007 г., СОПР<span > </span> <span >(0</span>.94 Мб).</li><span > </span> <li>
<span >«</span><a href=""http://dront.ru/files/publications/NK_2007_1.pdf"">Земноводные и пресмыкающиеся Нижегородской области</a>», методическое пособие, М. В. Пестов, С. В. Бакка, Н. Ю. Киселева, Е. И. Манпапова. О. Н. Калинина<span > </span> <span >(677</span> Кб).</li><span > </span> <li>
<span >«</span><a href=""http://dront.ru/files/publications/nature-and-energy.pdf"">Живая природа и энергетика</a>»<span > </span> <span >(1</span>.05 Мб).</li>
</ul>
<h2>2006</h2>
<ul><span > </span> <li>
<span >«</span><a href=""http://dront.ru/files/publications/NK_2006_1.pdf"">Чайка — птица 2006 года</a>», Бакка С. В., Киселева Н. Ю., Москалик Л. Н.<span > </span> <span >(1</span>.43 Мб).</li>
</ul>
<h2>2005</h2>
<ul><span > </span> <li>
<span >«</span><a href=""http://dront.ru/files/publications/owls-2005.pdf"">Сова — птица 2005 года</a>», методическое пособие, С. В. Бакка, Н. Ю. Киселева<span > </span> <span >(1</span>.20 Мб).</li><span > </span> <li>
<span >«</span><a href=""http://dront.ru/files/publications/nest-monitoring.pdf"">Результаты мониторинга искусственных гнезд в Нижегородской области</a>», С. В. Бакка, Л. М. Новикова<span > </span> <span >(0</span>.18 Мб).</li><span > </span> <li>
<span >«</span><a href=""http://dront.ru/files/publications/NK_2005_1.pdf"">Портреты природы. Колониальные околоводные птицы</a>», Бакка С. В., Киселева Н. Ю., Новикова Л. М.<span > </span> <span >(2</span>.45 Мб).</li><span > </span> <li>
<span >«</span><a href=""http://dront.ru/files/publications/NK_2005_2.pdf"">Акция<span > </span> <span >«</span>Сова — птица 2005 года“ в Нижегородской области</a>», Бакка С. В., Киселева Н. Ю., Новикова Л. М.<span > </span> <span >(1</span>.33 Мб).</li><span > </span> <li>
<span >«</span><a href=""http://dront.ru/files/publications/NK_2005_3.pdf"">Теория и практика заповедного дела</a>», программно-методический комплекс, Бакка С. В., Киселева Н. Ю.<span > </span> <span >(614</span> Кб).</li>
</ul>
<h2>2004</h2>
<ul>
<li>
<span > </span> <a href=""http://dront.ru/files/publications/2016/bolota.pdf"" target=""_blank""><span >«</span>Восстановление торфяных болот в России: значение для регионов»</a><span > </span> <span >(7</span>,9 Мб)</li><span > </span> <li>
<span >«</span><a href=""http://dront.ru/files/publications/NK_2004_1.pdf"">Пyти и методы сохранения биологического разнообразия</a>», методическое пособие, Бакка С. В., Киселева Н. Ю.<span > </span> <span >(1</span>.05 Мб).</li><span > </span> <li>
<span >«</span><a href=""http://dront.ru/files/publications/NK_2004_2.pdf"">Аист — птица 2004 года</a>», методическое пособие, Бакка С. В., Киселева Н. Ю., Новикова Л. М.<span > </span> <span >(1</span>.50 Мб).</li><span > </span> <li>
<span >«</span><a href=""http://dront.ru/files/publications/NK_2004_3.pdf"">Ключевые орнитологические территории Нижегородской области</a>», Бакка С. В., Киселева Н. Ю., Новикова Л. М.<span > </span> <span >(2</span>.36 Мб).</li><span > </span> <li>
<span >«</span><a href=""http://dront.ru/files/publications/NK_2004_5.pdf"">Ключевые орнитологические территории России</a>»<span > </span> <span >(351</span> Мб).</li>
</ul>
<h2>2003</h2>
<ul><span > </span> <li>
<span >«</span><a href=""http://dront.ru/files/publications/birds-recomendations.pdf"">Методические рекомендации по проведению наблюдений за пролетом птиц</a>», Нижегородское отделение СОПР<span > </span> <span >(1</span>.01 Мб).</li><span > </span> <li>
<span >«</span><a href=""http://dront.ru/files/publications/electrocution-russisch.pdf"">Осторожно, высокое напряжение!</a>», рекомендации по охране птиц при строительстве воздушных линий электропередачи<span > </span> <span >(0</span>.34 Мб).</li><span > </span> <li>
<span >«</span><a href=""http://dront.ru/files/publications/NK_2003_1.pdf"">Дневные хищные птицы лесостепного юго-востока Нижегородской области</a>»,<span > </span> <span >«</span>Материалы IV конференции по хищным птицам Северной Евразии»<span > </span> <span >(</span>стр. 132–134), Бакка С. В., Киселева Н. Ю., Новикова Л. М.<span > </span> <span >(98</span> Кб).</li><span > </span> <li>
<span >«</span><a href=""http://dront.ru/files/publications/NK_2003_2.pdf"">Влияние биотехнических мероприятий на численность редких видов дневных хищных птиц в Нижегородской области</a>»,<span > </span> <span >«</span>Материалы IV конференции по хищным птицам Северной Евразии»<span > </span> <span >(</span>стр. 24–26), Бакка С. В., Киселева Н. Ю., Новикова Л. М.<span > </span> <span >(117</span> Кб).</li><span > </span> <li>
<span >«</span><a href=""http://dront.ru/files/publications/NK_2003_4.pdf"">Численность и демографический состав предотлетных скоплений серых журавлей в Присурье</a>»,<span > </span> <span >«</span>Бутурлинский сборник»<span > </span> <span >(</span>стр. 174–180), Киселева Н. Ю.<span > </span> <span >(122</span> Кб).</li><span > </span> <li>
<span >«</span><a href=""http://dront.ru/files/publications/NK_2003_9.pdf"">Методические рекомендации по проведению наблюдений за пролетом птиц</a>», С. В. Бакка, Н. Ю. Киселева, Л. П. Комаров<span > </span> <span >(448</span> Кб).</li><span > </span> <li>
<span >«</span><a href=""http://dront.ru/files/publications/NK_2003_15.pdf"">Кроншнеп — птица 2003 года</a>», методическое пособие, С. В. Бакка, Н. Ю. Киселева, Л. М. Новикова<span > </span> <span >(1</span>.29 Мб).</li><span > </span> <li>
<span >«</span><a href=""http://dront.ru/files/publications/NK_2003_16.pdf"">Новые орнитологические находки в Нижегородской области в 2002 г.</a>»,<span > </span> <span >«</span>Бутурлинский сборник»<span > </span> <span >(</span>стр. 138–139), С. В. Бакка, С. Г. Суров<span > </span> <span >(92</span>.6 Кб).</li><span > </span> <li>
<span >«</span><a href=""http://dront.ru/files/publications/NK_2003_17.pdf"">Численность гнездящихся колониальных околоводных птиц Нижегородской области и тенденции ее изменения</a>»,<span > </span> <span >«</span>Бутурлинский сборник»<span > </span> <span >(</span>стр. 122–136), С. В. Бакка<span > </span> <span >(182</span> Кб).</li>
</ul>
<h2>2002</h2>
<ul><span > </span> <li>
<span >«</span><a href=""http://dront.ru/files/publications/pustelga_2002.pdf"">Пустельга — птица 2002 года</a>», метолдическое пособие, С. В. Бакка, Н. Ю. Киселева, Л. М. Новикова<span > </span> <span >(2</span>.04 Мб).</li><span > </span> <li>
<span >«</span><a href=""http://dront.ru/files/publications/NK_2002_1.pdf"">Экология человека</a>», учебное пособие, И. Ф. Колпащикова, Н. Ю. Киселева<span > </span> <span >(863</span> Кб).</li><span > </span> <li>
<span >«</span><a href=""http://dront.ru/files/publications/NK_2002_2.pdf"">Результаты изучения и охраны серого журавля в Нижегородской области</a>»,<span > </span> <span >«</span>Журавли Евразии<span > </span> <span >(</span>распределение, численность, биология)»<span > </span> <span >(</span>стр. 54–69), С. В. Бакка, Н. Ю. Киселева<span > </span> <span >(215</span> Кб).</li>
</ul>
<h2>2001</h2>
<ul><span > </span> <li>
<span >«</span><a href=""http://dront.ru/files/publications/NK_2001_1.pdf"">Отношение школьников разного возраста к некоторым охраняемым видам Нижегородской области</a>»,<span > </span> <span >«</span>Зоологические исследования в Среднем Поволжье»<span > </span> <span >(</span>стр. 79–82), Киселева Н. Ю., Лапшина С. Ю.<span > </span> <span >(171</span> Кб).</li><span > </span> <li>
<span >«</span><a href=""http://dront.ru/files/publications/NK_2001_2.pdf"">Организационно-методические особенности проведения акции<span > </span> <span >«</span>Серый журавль — птица 1998 года“ в Нижегородской области</a>»,<span > </span> <span >«</span>Зоологические исследования в Среднем Поволжье»<span > </span> <span >(</span>стр. 72–76), Бакка С. В., Киселева Н. Ю.<span > </span> <span >(177</span> Кб).</li><span > </span> <li>
<span >«</span><a href=""http://dront.ru/files/publications/NK_2001_3.pdf"">Организация сбора кадастровой информации о животном мире региона<span > </span> <span >(</span>на примере Нижегородской области)</a>»,<span > </span> <span >«</span>Зоологические исследования в Среднем Поволжье»<span > </span> <span >(</span>стр. 76–79), Бакка С. В., Киселева Н. Ю., Пестов А. И., Катуков Д. П.<span > </span> <span >(165</span> Кб).</li><span > </span> <li>
<span >«</span><a href=""http://dront.ru/files/publications/NK_2001_4.pdf"">Пролет гусей в Нижегородской области весной 2000 г.</a>», Проблемы изучения и охраны гусеобразных птиц Восточной Европы и Северной Азии<span > </span> <span >(</span>стр. 13–14), С. В. Бакка, Н. Ю. Киселева, Л. М. Новикова<span > </span> <span >(60</span>.7 Кб).</li><span > </span> <li>
<span >«</span><a href=""http://dront.ru/files/publications/NK_2001_5.pdf"">Гуси в Нижегородской области: современное состояние изученности и проблемы охраны</a>», С. В. Бакка, Н. Ю. Киселева, Л. М. Новикова<span > </span> <span >(279</span> Кб).</li><span > </span> <li>
<span >«</span><a href=""http://dront.ru/files/publications/NK_2001_6.pdf"">Краснозобая казарка в Нижегородской области</a>», С. В. Бакка, Н. Ю. Киселева<span > </span> <span >(103</span> Кб).</li><span > </span> <li>
<span >«</span><a href=""http://dront.ru/files/publications/NK_2001_7.pdf"">Орнитофауна Нижегородской области в XX веке</a>», Труды Государственного природного заповедника<span > </span> <span >«</span>Керженский», том I<span > </span> <span >(</span>стр. 214–237), С. В. Бакка, Н. Ю. Киселева<span > </span> <span >(230</span> Кб).</li><span > </span> <li>
<span >«</span><a href=""http://dront.ru/files/publications/NK_2001_8.pdf"">Серый журавль<span > </span> <span >(Grus</span> Grus L.) в Керженском заповеднике</a>», Труды Государственного природного заповедника<span > </span> <span >«</span>Керженский», том I<span > </span> <span >(</span>стр. 240–250), С. В. Бакка, Н. Ю. Киселева<span > </span> <span >(266</span> Кб).</li><span > </span> <li>
<span >«</span><a href=""http://dront.ru/files/publications/NK_2001_9.pdf"">Организация общественной поддержки ключевых орнитологических территорий в Нижнегородской области</a>», Опыт и перспективы интеграции охраняемых природных территорий в социально-экономическое развитие регионов России<span > </span> <span >(</span>стр. 41), Киселева Н. Ю., Бакка С. В.<span > </span> <span >(73</span>.7 Кб).</li><span > </span> <li>
<span >«</span><a href=""http://dront.ru/files/publications/NK_2001_10.pdf"">Ключевые орнитологические территории Нижнегородской области</a>», Региональные обзоры ключевых орнитологических территорий<span > </span> <span >(</span>стр. 98–110), Бакка С. В., Киселева Н. Ю.<span > </span> <span >(285</span> Кб).</li><span > </span> <li>
<span >«</span><a href=""http://dront.ru/files/publications/NK_2001_11.pdf"">Численность серого журавля в Нижегородской области и тенденции ее изменения</a>», Актуальные проблемы изучения и охраны птиц Востоной Европы и Северной Азии, Бакка С. В., Киселева Н. Ю.<span > </span> <span >(88</span> Кб).</li><span > </span> <li>
<span >«</span><a href=""http://dront.ru/files/publications/NK_2001_12.pdf"">Роль социологических методов сбора информации в создании регионального кадастра животного мира</a>», Актуальные проблемы изучения и охраны птиц Востоной Европы и Северной Азии, Бакка С. В., Киселева Н. Ю.<span > </span> <span >(101</span> Кб).</li><span > </span> <li>
<span >«</span><a href=""http://dront.ru/files/publications/NK_2001_16.pdf"">Изучение земноводных и пресмыкающихся Владимирской области</a>», методическое пособие, М. В. Пестов, Н. Ю. Киселева, Е. И. Маннапова, С. В. Бакка, Е. Н. Мурграф, Г. А. Горбунова<span > </span> <span >(650</span> Кб).</li><span > </span> <li>
<span >«</span><a href=""http://dront.ru/files/publications/NK_2001_17.pdf"">О питании серой цапли на рыборазводных прудах в Нижегородской области</a>», Зоологические исследования в Среднем Поволжье<span > </span> <span >(</span>стр. 20–23), Бакка С. В., Доронин Д. Ю.<span > </span> <span >(180</span> Кб).</li>
</ul>
<h2>2000</h2>
<ul><span > </span> <li>
<span >«</span><a href=""http://dront.ru/files/publications/NK_2000_1.pdf"">Нижегородская область</a>», С. В. Бакка, Н. Ю. Киселева, Нижегородское отделение Союза охраны птиц России<span > </span> <span >(174</span> Кб).</li><span > </span> <li>
<span >«</span><a href=""http://dront.ru/files/publications/NK_2000_2.pdf"">Организация общественной поддержки ключевых орнитологических территорий в Нижегородской области</a>», Инвентаризация, мониторинг и охрана ключевых орнитологических территорий России<span > </span> <span >(</span>стр. 160–166), С. В. Бакка, Н. Ю. Киселева, Нижегородское отделение Союза охраны птиц России<span > </span> <span >(305</span> Кб).</li><span > </span> <li>
<span >«</span><a href=""http://dront.ru/files/publications/NK_2000_3.pdf"">Белый аист в Нижегородской области</a>», Белый аист в России: дальше на восток<span > </span> <span >(</span>стр. 110–111), С. В. Бакка, А. И. Бакка, Н. Ю. Киселева<span > </span> <span >(145</span> Кб).</li><span > </span> <li>
<span >«</span><a href=""http://dront.ru/files/publications/NK_2000_5.pdf"">Национальные экологические традиции и их изучение</a>», Н. Ю. Киселева<span > </span> <span >(632</span> Кб).</li><span > </span> <li>
<span >«</span><a href=""http://dront.ru/files/publications/NK_2000_6.pdf"">Предварительные итоги учета коростеля в Нижегородской области</a>», Коростель в Европейской России: численность и распространение<span > </span> <span >(</span>стр. 124–127), С. В. Бакка, А. И. Бакка, А. И. Мацына, А. С. Седуль, А. В. Перлова<span > </span> <span >(140</span> Кб).</li>
</ul>
<h2>1999</h2>
<ul><span > </span> <li>
<span >«</span><a href=""http://dront.ru/old/lr/bioteh-metod.html"">Организация и проведение биотехнических работ по охране редких видов животных</a>», Бакка А. И., Бакка С. В., Пестов М. В.</li><span > </span> <li>
<span >«</span><a href=""http://dront.ru/old/lr/%C0%CD%C0%CB%C8%C7/lr-analis-index.ru.html"">Современное состояние биоразнообразия Нижегородской области</a>», Бакка С. В., Бакка А. И., Киселева Н. Ю., Каюмов А. А., Солянова Е. Л., Васильева Е. Н.</li><span > </span> <li>
<span >«</span><a href=""http://dront.ru/files/publications/NK_1999_4.pdf"">Земноводные и пресмыкающиеся Нижегородской области</a>», методическое пособие, М. В. Пестов, С. В. Бакка, Н. Ю. Киселева, Е. И. Маннапова<span > </span> <span >(645</span> Кб).</li><span > </span> <li>
<span >«</span><a href=""http://dront.ru/files/publications/NK_1999_6.pdf"">Памятники природы Сарова</a>», Киселева Н. Ю., Лыков В. Н., Морохин Н. В., Павлов Д. Г., Подурец А. М.<span > </span> <span >(267</span> Кб).</li>
</ul>
<h2>1998</h2>
<ul><span > </span> <li>
<span >«</span><a href=""http://dront.ru/files/publications/NK_1998_1.pdf"">Бородатая неясыть в Нижегородской области</a>», Редкие виды птиц Нечерноземного центра России<span > </span> <span >(</span>стр. 151–153), С. В. Бакка, А. И. Бакка<span > </span> <span >(89</span>.4 Кб).</li><span > </span> <li>
<span >«</span><a href=""http://dront.ru/files/publications/NK_1998_2.pdf"">Водно-болотные угодья международного значения в Нижегородской области</a>», Редкие виды птиц Нечерноземного центра России<span > </span> <span >(</span>стр. 271–273), С. В. Бакка, А. И. Бакка<span > </span> <span >(76</span>.8 Кб).</li>
</ul>
<h2>1997</h2>
<ul><span > </span> <li>
<span >«</span><a href=""http://dront.ru/files/publications/NK_1997_1.pdf"">Пять цветов Красной Книги</a>», Отечество мое Нижегородское<span > </span> <span >(</span>стр. 152–154), Н. Ю. Киселева<span > </span> <span >(168</span> Кб).</li><span > </span> <li>
<span >«</span><a href=""http://dront.ru/files/publications/NK_1997_2.pdf"">Наш земляк Александр Николаевич Формозов</a>», Отечество мое Нижегородское<span > </span> <span >(</span>стр. 137–141), Н. Ю. Киселева<span > </span> <span >(64</span>.8 Кб).</li><span > </span> <li>
<span >«</span><a href=""http://dront.ru/files/publications/NK_1997_3.pdf"">Первые исследователи Нижегородских земель</a>», Отечество мое Нижегородское<span > </span> <span >(</span>стр. 20–23), Н. В. Морохин, Н. Ю. Киселева<span > </span> <span >(179</span> Кб).</li>
</ul>
<h2>1995</h2>
<ul><span > </span> <li>
<span >«</span><a href=""http://dront.ru/files/publications/NK_1995_1.pdf"">Экологические проблемы современности: научные и педагогические аспекты</a>», пособие для преподавателей и студентов<span > </span> <span >(966</span> Кб).</li>
</ul>
<h2>1993</h2>
<ul><span > </span> <li>
<span >«</span><a href=""http://dront.ru/files/publications/NK_1993_1.pdf"">Экологические элементы сознания и религия<span > </span> <span >(</span>на материале Нижегородской области)</a>», Киселева Н. Ю.<span > </span> <span >(117</span> Кб).</li><span > </span> <li>
<span >«</span><a href=""http://dront.ru/files/publications/NK_1993_2.pdf"">Биология ондатры на урбанизированных территориях<span > </span> <span >(</span>на модели городов бассейна р. Волги)</a>», автореферат, Бакка С. В.<span > </span> <span >(170</span> Кб).</li>
</ul>
<h2>1992</h2>
<ul><span > </span> <li>
<span >«</span><a href=""http://dront.ru/files/publications/NK_1992_1.pdf"">Региональная программа непрерывного экологического образования</a>», часть 1<span > </span> <span >(326</span> Кб).</li><span > </span> <li>
<span >«</span><a href=""http://dront.ru/files/publications/NK_1992_2.pdf"">Экологические элементы сознания и религия</a>», Киселева Н. Ю.<span > </span> <span >(119</span> Кб).</li>
</ul>
<h2>1991</h2>
<ul><span > </span> <li>
<span >«</span><a href=""http://dront.ru/files/publications/NK_1991_1.pdf"">Новые данные о серой цапле в Нижегородской области</a>», материалы 10-й Всесоюзной орнитологической конференции,<span > </span> <span >(</span>стр. 44–46),С. В. Бакка, А. И. Бакка<span > </span> <span >(94</span>.9 Кб).</li><span > </span> <li>
<span >«</span><a href=""http://dront.ru/files/publications/NK_1992_1.pdf"">Новые гнездящиеся виды орнитофауны в Нижегородской области</a>», материалы 10-й Всесоюзной орнитологической конференции,<span > </span> <span >(</span>стр. 46–47),С. В. Бакка, А. И. Бакка<span > </span> <span >(85</span>.9 Кб).</li>
</ul>
<h2>1990</h2>
<ul><span > </span> <li>
<span >«</span><a href=""http://dront.ru/files/publications/NK_1990_4.pdf"">Экологически чистая энергетика</a>», в помощь лектору, А. А. Каюмов<span > </span> <span >(615</span> Кб).</li><span > </span> <li>
<span >«</span><a href=""http://dront.ru/files/publications/NK_1990_1.pdf"">Биоценотические контакты ондатры на урбанизированных территориях</a>», Наземные и водные экосистемы,<span > </span> <span >(</span>стр. 10–14), С. В. Бакка<span > </span> <span >(109</span> Кб).</li><span > </span> <li>
<span >«</span><a href=""http://dront.ru/files/publications/NK_1990_2.pdf"">Редкие виды птиц Горьковской области</a>», Редкие виды птиц центра нечерноземья,<span > </span> <span >(</span>стр. 30–33), С. В. Бакка<span > </span> <span >(64</span>.7 Кб).</li><span > </span> <li>
<span >«</span><a href=""http://dront.ru/files/publications/NK_1990_3.pdf"">Сведения о птицах Красной книги СССР в Горьковской области</a>», Редкие виды птиц центра нечерноземья,<span > </span> <span >(</span>стр. 58–62), С. В. Бакка, А. И. Бакка<span > </span> <span >(60</span>.6 Кб).</li>
</ul>
<h2>1987</h2>
<ul><span > </span> <li>
<span >«</span><a href=""http://dront.ru/files/publications/NK_1987_1.pdf"">О влиянии урбанизации на местообитания и численность ондатры</a>», Влияние антропогенной трансформации ландшафта на население наземных позвоночных животных,<span > </span> <span >(</span>стр. 305–306), С. В. Бакка, М. Н. Леонтьева, В. С. Петров<span > </span> <span >(80</span>.2 Кб).</li>
</ul>
<h2>1982</h2>
<ul><span > </span> <li>
<span >«</span><a href=""http://dront.ru/files/publications/NK_1982.pdf"">Гнездовья серого журавля в Горьковской области</a>», Журавли в СССР,<span > </span> <span >(</span>стр. 92–96), С. В. Бакка<span > </span> <span >(147</span> Кб).</li>
</ul>
<p><span>Присылайте ваши отзывы на <a href=""http://dront.ru/publications/mailto:askhat@dront.ru"">askhat@dront.ru</a>.</span></p>
<br>

",,http://dront.ru/files/publications/chto-takoe-prirodoohrannoe-dvizhenie.zip|http://dront.ru/files/publications/mir-mezhdu-dvuh-ekologiy.rar|http://dront.ru/files/publications/Factor_Four.doc|http://dront.ru/files/publications/Limits_to_Growth.rar|http://dront.ru/files/publications/zhitkov_buturlin.pdf|http://dront.ru/files/publications/serebrovsky-1918.pdf|http://dront.ru/files/publications/1915.pdf|http://dront.ru/files/publications/2017/zapiski-2016.doc|http://dront.ru/files/publications/2017/Flora_NN_XI.doc|http://dront.ru/files/publications/2017/Flora_NN_XI.doc|http://dront.ru/files/publications/2017/Ch-K-VI.doc|http://dront.ru/files/publications/2016/Rastenia-detyam.pdf|http://dront.ru/files/publications/2016/Katalog%20gerbaria%20Botsada-3.doc|http://dront.ru/files/publications/2016/zapiski-2015.doc|http://dront.ru/files/publications/2016/Flora_NN_X.doc|http://dront.ru/files/publications/2016/Ch-K-V.doc|http://dront.ru/files/publications/2015/Udod-1str.jpg|http://dront.ru/files/publications/2016/Stepi.pdf|http://dront.ru/files/publications/2015/Udod-1str.jpg|http://dront.ru/files/publications/2015/Udod-2str.jpg|http://dront.ru/files/publications/2015/Issledovatelskaya-deyatelnost.pdf|http://dront.ru/files/publications/2015/Vospominanya.doc|http://dront.ru/files/publications/2015/Pticy.pdf|http://dront.ru/files/publications/2015/Ch-kn-IV.doc|http://dront.ru/files/publications/2015/Flora_NN_IX.doc|http://dront.ru/files/publications/2014/zapiski-2014.doc|http://dront.ru/files/publications/2015/Kak%20zashitit%20derevo.pdf|http://dront.ru/files/publications/2015/Katalog%20gerbaria%20Botsada.doc|http://dront.ru/files/publications/2014/Redkie%20vidy-4.pdf|http://dront.ru/files/publications/2014/Red-book-NO/Krasnay%20kniga-2014-1.pdf|http://dront.ru/files/publications/2014/Red-book-NO/Krasnay%20kniga-2014-2.pdf|http://dront.ru/files/publications/2014/Red-book-NO/Krasnay%20kniga-2014-3.pdf|http://dront.ru/files/publications/2014/Red-book-NO/Krasnay%20kniga-2014-4.pdf|http://dront.ru/files/publications/2014/Red-book-NO/Krasnay%20kniga-2014-5.pdf|http://dront.ru/files/publications/2014/Zmei%20zapodednika.pdf|http://dront.ru/files/publications/2015/Vesna-Ptitsy-buklet-2014.pdf|http://dront.ru/files/publications/2014/Gorihvostka.zip|http://dront.ru/files/publications/2015/Albom-stikerov.pdf|http://dront.ru/files/publications/2014/KOTR-NO.pdf|http://dront.ru/files/publications/2014/Ekologicheskiye-skazki.pdf|http://dront.ru/files/publications/2014/Kak-vyliechit-derevo.pdf|http://dront.ru/files/publications/Methodical-recomendations.pdf|http://dront.ru/files/publications/Methodical-recomendations.pdf|http://dront.ru/files/publications/14.07.14%20eco_prava.pdf|http://dront.ru/files/publications/2014/Vesna-vremia-razmnozheniya-ptits.pdf|http://dront.ru/files/publications/2014.02.11-Black_Book-NN-III.doc|http://dront.ru/files/publications/2014.02.11-Flora_NN_VIII.doc|http://dront.ru/files/publications/13.12.31%20Guseobraznyye%20ptitsy.pdf|http://dront.ru/files/publications/13.12.30%20Hischnyye%20Ptitsy.pdf|http://dront.ru/files/publications/13.12.28%20Trava%20u%20doma.pdf|http://dront.ru/files/publications/13.12.28%20Ornitologicheskaya%20igroteka.pdf|http://dront.ru/files/publications/13.12.28%20Buklet%20Ozenka%20vliyaniya.pdf|http://dront.ru/files/publications/13.12.28%20Buklet%20Ozenka%20vliyaniya.pdf|http://dront.ru/files/publications/Buklet%20Strizh%20ptitsa%202014.jpg|http://dront.ru/files/publications/Detskiy%20Sad%20Zelenyy%20sad.jpg|http://dront.ru/files/publications/Flora_NN_2013.doc|http://dront.ru/files/publications/albom.pdf|http://dront.ru/files/publications/po_stranitsam_ecologicheskogo_kalendarya.pdf|http://dront.ru/files/publications/kluch_v_zemlu_zamok-v-nebo.pdf|http://dront.ru/files/publications/yarmarka_best_works.pdf|http://dront.ru/files/publications/orlan.zip|http://dront.ru/files/publications/pokormite_ptits.zip|http://dront.ru/files/publications/spasaem-ot-svalok.pdf|http://dront.ru/files/publications/ornitologicheskaya-azbuka.pdf|http://dront.ru/files/publications/risunki_k_azbuke.zip|http://dront.ru/files/publications/dni-nabludeniy-ptits.zip|http://dront.ru/files/publications/lamps.pdf|http://dront.ru/files/publications/varakushka.zip|http://dront.ru/files/publications/kak-posadit-derevo.zip|http://dront.ru/files/publications/domiki-dlya-ptits.zip|http://dront.ru/files/publications/Flora_NN_2012.doc|http://dront.ru/files/publications/razvitie-sistemy-obrasheniya-s-othodami.doc|http://dront.ru/files/publications/2011-raskraska.pdf|http://dront.ru/files/publications/2011-raznoobrazie.zip|http://dront.ru/files/publications/2011-redkie-vidy.rar|http://dront.ru/files/publications/klad-solnca.rar|http://dront.ru/files/publications/babochki-no.rar|http://dront.ru/files/publications/Matsyna.pdf|http://dront.ru/files/publications/organizatsiya-i-vedenie-ecologicheskih-lagerey.pdf|http://dront.ru/files/publications/buklet-2011.rar|http://dront.ru/files/publications/Buklet_OOPT_2011_Forest.rar|http://dront.ru/files/publications/pernatye-hishniki-21-2011.pdf|http://dront.ru/files/publications/pernatye-hishniki-21-2011-vl.pdf|http://dront.ru/files/publications/lep-killers.pdf|http://dront.ru/files/publications/plakat-2011.jpg|http://dront.ru/files/publications/Apple.pdf|http://dront.ru/files/publications/tryasoguzka-ptitsa-goda.zip|http://dront.ru/files/publications/recomendatsii-po-obespecheniu-bezopasnosti.pdf|http://dront.ru/files/publications/cheboksarskaya-ges.zip|http://dront.ru/files/publications/kuda-obratitsya-esli.zip|http://dront.ru/files/publications/zakladki_energosberezhenie.zip|http://dront.ru/files/publications/belaya_tryasoguska.rar|http://dront.ru/files/publications/kormlenie_ptits.rar|http://dront.ru/files/publications/ecosled.rar|http://dront.ru/files/publications/chibis2010.pdf|http://dront.ru/files/publications/build_bird_houses_2010.pdf|http://dront.ru/files/publications/prolet_birds2010.pdf|http://dront.ru/files/publications/redbook2010.pdf|http://dront.ru/files/publications/eco-igroteka.pdf|http://dront.ru/files/publications/people_and_birds_2.pdf|http://dront.ru/files/publications/people_and_birds.pdf|http://dront.ru/files/publications/Pestov_Cherepahi.pdf|http://dront.ru/files/publications/portrety_prirody.rar|http://dront.ru/files/publications/Flora_NN_2009.doc|http://dront.ru/files/publications/prikaspiy.rar|http://dront.ru/files/publications/birds-monitoring-3.pdf|http://dront.ru/files/publications/oopt.rar|http://dront.ru/files/publications/Cherepaha_Abhaziya_2009_1-2_41-51.pdf|http://dront.ru/files/publications/ecological-education.pdf|http://dront.ru/files/publications/ecological-tales.pdf|http://dront.ru/files/publications/national-geographic-06-2008.pdf|http://dront.ru/files/publications/national-geographic-march-2008.pdf|http://dront.ru/files/publications/rare-2008.pdf|http://dront.ru/files/publications/NK_2008_3.pdf|http://dront.ru/files/publications/NK_2008_4.pdf|http://dront.ru/files/publications/info-analitic-materials-2008.pdf|http://dront.ru/files/publications/springalive.pdf|http://dront.ru/files/publications/2015/Ornitofauna.doc|http://dront.ru/files/publications/international-conference.pdf|http://dront.ru/files/publications/NK_2007_1.pdf|http://dront.ru/files/publications/nature-and-energy.pdf|http://dront.ru/files/publications/NK_2006_1.pdf|http://dront.ru/files/publications/owls-2005.pdf|http://dront.ru/files/publications/nest-monitoring.pdf|http://dront.ru/files/publications/NK_2005_1.pdf|http://dront.ru/files/publications/NK_2005_2.pdf|http://dront.ru/files/publications/NK_2005_3.pdf|http://dront.ru/files/publications/2016/bolota.pdf|http://dront.ru/files/publications/NK_2004_1.pdf|http://dront.ru/files/publications/NK_2004_2.pdf|http://dront.ru/files/publications/NK_2004_3.pdf|http://dront.ru/files/publications/NK_2004_5.pdf|http://dront.ru/files/publications/birds-recomendations.pdf|http://dront.ru/files/publications/electrocution-russisch.pdf|http://dront.ru/files/publications/NK_2003_1.pdf|http://dront.ru/files/publications/NK_2003_2.pdf|http://dront.ru/files/publications/NK_2003_4.pdf|http://dront.ru/files/publications/NK_2003_9.pdf|http://dront.ru/files/publications/NK_2003_15.pdf|http://dront.ru/files/publications/NK_2003_16.pdf|http://dront.ru/files/publications/NK_2003_17.pdf|http://dront.ru/files/publications/pustelga_2002.pdf|http://dront.ru/files/publications/NK_2002_1.pdf|http://dront.ru/files/publications/NK_2002_2.pdf|http://dront.ru/files/publications/NK_2001_1.pdf|http://dront.ru/files/publications/NK_2001_2.pdf|http://dront.ru/files/publications/NK_2001_3.pdf|http://dront.ru/files/publications/NK_2001_4.pdf|http://dront.ru/files/publications/NK_2001_5.pdf|http://dront.ru/files/publications/NK_2001_6.pdf|http://dront.ru/files/publications/NK_2001_7.pdf|http://dront.ru/files/publications/NK_2001_8.pdf|http://dront.ru/files/publications/NK_2001_9.pdf|http://dront.ru/files/publications/NK_2001_10.pdf|http://dront.ru/files/publications/NK_2001_11.pdf|http://dront.ru/files/publications/NK_2001_12.pdf|http://dront.ru/files/publications/NK_2001_16.pdf|http://dront.ru/files/publications/NK_2001_17.pdf|http://dront.ru/files/publications/NK_2000_1.pdf|http://dront.ru/files/publications/NK_2000_2.pdf|http://dront.ru/files/publications/NK_2000_3.pdf|http://dront.ru/files/publications/NK_2000_5.pdf|http://dront.ru/files/publications/NK_2000_6.pdf|http://dront.ru/files/publications/NK_1999_4.pdf|http://dront.ru/files/publications/NK_1999_6.pdf|http://dront.ru/files/publications/NK_1998_1.pdf|http://dront.ru/files/publications/NK_1998_2.pdf|http://dront.ru/files/publications/NK_1997_1.pdf|http://dront.ru/files/publications/NK_1997_2.pdf|http://dront.ru/files/publications/NK_1997_3.pdf|http://dront.ru/files/publications/NK_1995_1.pdf|http://dront.ru/files/publications/NK_1993_1.pdf|http://dront.ru/files/publications/NK_1993_2.pdf|http://dront.ru/files/publications/NK_1992_1.pdf|http://dront.ru/files/publications/NK_1992_2.pdf|http://dront.ru/files/publications/NK_1991_1.pdf|http://dront.ru/files/publications/NK_1992_1.pdf|http://dront.ru/files/publications/NK_1990_4.pdf|http://dront.ru/files/publications/NK_1990_1.pdf|http://dront.ru/files/publications/NK_1990_2.pdf|http://dront.ru/files/publications/NK_1990_3.pdf|http://dront.ru/files/publications/NK_1987_1.pdf|http://dront.ru/files/publications/NK_1982.pdf,
import,http://dront.ru/bereginya/,"Ежемесячная газета  «Берегиня»","<p><span><span> <img  title=""“Берегиня» — экологическая газета"" src=""http://dront.ru/images/bereginya_logo.png"" alt=""Газета «Берегиня»""  ></span></span><span > </span> <strong><span >«</span>Берегиня»</strong> — газета зеленых России. Выходит в Нижнем Новгороде с 1990 года на 16 полосах формата А3 один раз в месяц.</p>
<p>Газета — подразделение Нижегородской региональной общественной организации Экологический центр<span > </span> <span >«</span>Дронт», благотворительное некоммерческое издание. Распространяется по общественным экологическим и природоохранным организациям 65 регионов России, а также по всем школам и библиотекам Нижегородской области, естественнонаучные факультеты нижегородских вузов, законодательные органы и органы власти Нижегородской области, представляя в них нижегородские природоохранные организации и их деятельность, аккумулируя и распространяя передовой природоохранный опыт большинства регионов России.</p>
<p><span > </span> <em><span >«</span>Берегиня»</em> — неоднократный победитель конкурсов экологической прессы<span > </span> <span >«</span>Экология России», занимала первые места в 1998, 2000 и 2005 гг., лауреат премии Союза журналистов России<span > </span> <span >«</span>За журналистское мастерство». Имеет благодарности от губернатора Нижегородской области.</p>
<h2>Скачать номера газеты<span > </span> <span >«</span>Берегиня»</h2>
<h3>2017 год</h3>
<ul>
</ul>
<ul>
<li>
<span > </span> <a href=""http://dront.ru/files/bereginya/2017/17-02.pdf"" target=""_blank""><span >«</span>Берегиня №                                      2»</a>,      февраль 2017  <span > </span> <span >(0</span>,6 Мб)</li>
<li>
<span > </span> <a href=""http://dront.ru/files/bereginya/2017/17-01.pdf"" target=""_blank""><span >«</span>Берегиня №                                       1»,</a> январь 2017  <span > </span> <span >(0</span>,6 Мб)</li>
</ul>
<h3>2016 год</h3>
<ul>
</ul>
<ul>
</ul>
<ul>
</ul>
<ul>
</ul>
<ul>
</ul>
<ul>
</ul>
<ul>
</ul>
<ul>
</ul>
<ul>
</ul>
<ul>
</ul>
<ul>
</ul>
<ul><span > </span> <li>
<span >«</span><a href=""http://dront.ru/files/bereginya/2016/16-12.pdf"" target=""_blank"">Берегиня №                                       12»</a>,    декабрь 2016  <span > </span> <span >(0</span>,7 Мб)</li>
<li>
<span > </span> <a href=""http://dront.ru/files/bereginya/2016/16-11.pdf"" target=""_blank""><span >«</span>Берегиня №                                       11»</a>,    ноябрь 2016  <span > </span> <span >(0</span>,6 Мб)</li>
<li>
<span > </span> <a href=""http://dront.ru/files/bereginya/2016/16-10.pdf"" target=""_blank""><span >«</span>Берегиня №                                       10»</a>,    октябрь 2016  <span > </span> <span >(0</span>,7 Мб)</li>
<li>
<span > </span> <a href=""http://dront.ru/files/bereginya/2016/16-09.pdf"" target=""_blank""><span >«</span>Берегиня №                                        09»</a>,    сентябрь 2016  <span > </span> <span >(0</span>,6 Мб)</li>
<li>
<span > </span> <a href=""http://dront.ru/files/bereginya/2016/16-08.pdf"" target=""_blank""><span >«</span>Берегиня №                                        08»</a>,    август 2016  <span > </span> <span >(0</span>,7 Мб)</li>
<li>
<span > </span> <a href=""http://dront.ru/files/bereginya/2016/16-07.pdf""><span >«</span>Берегиня №                                        07»</a>,    июль 2016  <span > </span> <span >(0</span>,7 Мб)</li>
<li>
<span > </span> <a href=""http://dront.ru/files/bereginya/2016/16-06.pdf"" target=""_blank""><span >«</span>Берегиня №                                        06»</a>,    июнь 2016  <span > </span> <span >(0</span>,6 Мб)</li>
<li>
<span > </span> <a href=""http://dront.ru/files/bereginya/2016/16-05.pdf"" target=""_blank""><span >«</span>Берегиня №                                        05»</a>,    май 2016  <span > </span> <span >(0</span>,6 Мб)</li>
<li>
<span > </span> <a href=""http://dront.ru/files/bereginya/2016/16-04.pdf"" target=""_blank""><span >«</span>Берегиня №                                        04»</a>,    апрель 2016  <span > </span> <span >(0</span>,6 Мб)</li>
<li>
<span > </span> <a  href=""http://dront.ru/files/bereginya/2016/16-03.pdf"" target=""_blank""><span >«</span>Берегиня №                                        03»</a><span >,    март 2016  <span > </span> <span >(0</span>,6 Мб)</span>
</li>
<li>
<span > </span> <a href=""http://dront.ru/files/bereginya/2016/16-02.PDF"" target=""_blank""><span >«</span>Берегиня №                                        02»</a>,    февраль 2016  <span > </span> <span >(0</span>,6 Мб)</li>
<li>
<span > </span> <a href=""http://dront.ru/files/bereginya/2016/16-01.pdf"" target=""_blank""><span >«</span>Берегиня №                                        01»</a>,    январь 2016  <span > </span> <span >(0</span>,7 Мб)</li>
</ul>
<h3><span >2015 год</span></h3>
<ul>
</ul>
<ul>
</ul>
<ul>
</ul>
<ul>
</ul>
<ul>
</ul>
<ul>
<li>
<span > </span> <a href=""http://dront.ru/files/bereginya/2015/15-12.pdf""><span >«</span>Берегиня №                                         12»</a>,   декабрь 2015  <span > </span> <span >(0</span>,7 Мб)</li>
<li>
<span > </span> <a href=""http://dront.ru/files/bereginya/2015/2015-11.zip""><span >«</span>Берегиня №                                         11»</a>,     ноябрь 2015  <span > </span> <span >(0</span>,6 Мб)</li>
<li>
<span > </span> <a href=""http://dront.ru/files/bereginya/2015/2015-10.zip""><span >«</span>Берегиня №                                         10»</a>,    октябрь 2015  <span > </span> <span >(0</span>,6 Мб)</li>
<li>
<span > </span> <a href=""http://dront.ru/files/bereginya/2015/2015-09.zip""><span >«</span>Берегиня №                                          09»</a>,  сентябрь 2015  <span > </span> <span >(0</span>,6 Мб)</li>
<li>
<span > </span> <a href=""http://dront.ru/files/bereginya/2015/2015-08.zip""><span >«</span>Берегиня №                                          08»</a>,      август 2015  <span > </span> <span >(0</span>,6 Мб)</li>
<li>
<span > </span> <a href=""http://dront.ru/files/bereginya/2015/2015-07.zip""><span >«</span>Берегиня №                                          07»</a>,       июль 2015  <span > </span> <span >(0</span>,5 Мб)</li>
<li>
<span > </span> <a href=""http://dront.ru/files/bereginya/2015/2015-06.zip""><span >«</span>Берегиня №                                          06»</a>,        июнь 2015  <span > </span> <span >(0</span>,5 Мб)</li>
<li>
<span > </span> <a href=""http://dront.ru/files/bereginya/2015/2015-05.zip""><span >«</span>Берегиня №                                          05»</a>,         май 2015  <span > </span> <span >(0</span>,5 Мб)</li>
<li>
<span > </span> <a href=""http://dront.ru/files/bereginya/2015/2015-04.zip""><span >«</span>Берегиня №                                          04»</a>,    апрель 2015  <span > </span> <span >(0</span>,5 Мб)</li>
<li>
<span > </span> <span ><span >«</span></span><a  href=""http://dront.ru/files/bereginya/2015/2015-03.zip"">Берегиня №                                          03»</a><span >,        март 2015  <span > </span> <span >(0</span>,5 Мб)</span>
</li>
<li>
<span > </span> <a href=""http://dront.ru/files/bereginya/2015/2015-02.rar""><span >«</span>Берегиня №                                          02»</a>, февраль 2015  <span > </span> <span >(0</span>,5 Мб)</li>
<li>
<span > </span> <a  href=""http://dront.ru/files/bereginya/2015/2015-01.rar""><span >«</span>Берегиня №                                          01»</a><span >,    январь 2015  <span > </span> <span >(0</span>,9 Мб)</span>
</li>
</ul>
<h3>2014 год</h3>
<ul>
</ul>
<ul>
</ul>
<ul>
</ul>
<ul>
<li>
<span > </span> <a href=""http://dront.ru/files/bereginya/2014-12.rar""><span >«</span>Берегиня №                                           12»,</a> декабрь 2014  <span > </span> <span >(1</span>,0 Мб)</li>
<li>
<span > </span> <a  href=""http://dront.ru/files/bereginya/2014-11.rar""><span >«</span>Берегиня №                                           11»</a><span >,  ноябрь 2014  <span > </span> <span >(1</span>,14 Мб)</span>
</li>
<li>
<span > </span> <a href=""http://dront.ru/files/bereginya/2014-10.rar""><span >«</span>Берегиня №                                           10»</a>, октябрь 2014<span > </span> <span >(1</span>,0 Мб)</li>
<li>
<span > </span> <a href=""http://dront.ru/files/bereginya/2014-09.rar""><span >«</span>Берегиня №                                            09»,</a> сентябрь 2014<span > </span> <span >(0</span>,9 Мб) </li>
<li>
<span > </span> <a href=""http://dront.ru/files/bereginya/2014-08.rar""><span >«</span>Берегиня №                                           08»,</a> август 2014<span > </span> <span >(0</span>,9 Мб)</li>
<li>
<span > </span> <a href=""http://dront.ru/files/bereginya/2014-07.rar""><span >«</span>Берегиня №                                           07»,</a> июль 2014<span > </span> <span >(1</span>,2 Мб)</li>
<li>
<span > </span> <a href=""http://dront.ru/files/bereginya/2014-06.rar""><span >«</span>Берегиня №                                           06»</a>,  июнь 2014<span > </span> <span >(977</span> Кб)</li>
<li>
<span > </span> <a href=""http://dront.ru/files/bereginya/2014-05.rar""><span >«</span>Берегиня №                                           05»</a>,  май 2014<span > </span> <span >(1</span>,04 Мб)</li>
<li><span><span > </span> <a href=""http://dront.ru/files/bereginya/2014-04.rar""><span >«</span>Берегиня №                                           04»</a>,  апрель 2014<span > </span> <span >(1</span>,05 Мб)</span></li>
<li>
<span > </span> <a  href=""http://dront.ru/files/bereginya/2014-03.rar""><span >«</span>Берегиня №                                           03»</a><span >, </span><span >март 2014<span > </span> <span >(0</span>,96 Мб)</span>
</li>
<li>
<span > </span> <a  href=""http://dront.ru/files/bereginya/2014-02.rar""><span >«</span>Берегиня №                                           02»</a><span >, февраль 2014<span > </span> <span >(1</span>,01 Мб)</span>
</li>
<li>
<span > </span> <a  href=""http://dront.ru/files/bereginya/2014-01.rar""><span >«</span>Берегиня №                                          01»</a><span >,  январь 2014<span > </span> <span >(1</span>,02 Мб)</span>
</li>
</ul>
<h3>2013 год</h3>
<ul>
</ul>
<ul>
</ul>
<ul>
<li>
<span > </span> <a href=""http://dront.ru/files/bereginya/2013-12/2013-12.rar""><span >«</span>Берегиня №                                              12»,</a> ноябрь 2013<span > </span> <span >(1</span>,08 Мб)</li>
<li>
<span > </span> <a  href=""http://dront.ru/files/bereginya/2013-11/2013-11.rar""><span >«</span>Берегиня №                                              11»</a><span >, ноябрь 2013<span > </span> <span >(1</span>,00 Мб)</span>
</li>
<li>
<span > </span> <a  href=""http://dront.ru/files/bereginya/2013-10/2013-10.rar""><span >«</span>Берегиня №                                              10»</a><span >, октябрь 2013<span > </span> <span >(1</span>,05 Мб).</span>
</li>
<li>
<span > </span> <a  href=""http://dront.ru/files/bereginya/2013-09/2013-09.rar""><span >«</span>Берегиня №                                               9»</a><span >, сентябрь 2013<span > </span> <span >(1</span>.24 Мб).</span>
</li>
<li>
<span > </span> <a  href=""http://dront.ru/files/bereginya/2013-08/2013-08.zip""><span >«</span>Берегиня №                                                8»</a><span >, август 2013<span > </span> <span >(4</span>.7 Мб).</span>
</li>
<li>
<span > </span> <a  href=""http://dront.ru/files/bereginya/2013-07/2013-07.zip""><span >«</span>Берегиня №                                                7»</a><span >, июль 2013<span > </span> <span >(1</span>.2 Мб).</span>
</li>
<li>
<span > </span> <a  href=""http://dront.ru/files/bereginya/2013-06/2013-06.zip""><span >«</span>Берегиня №                                                6»</a><span >, июнь 2013<span > </span> <span >(1</span>.1 Мб).</span>
</li>
<li>
<span > </span> <a  href=""http://dront.ru/files/bereginya/2013-05/2013-05.zip""><span >«</span>Берегиня №                                                5»</a><span >, май 2013<span > </span> <span >(1</span>.1 Мб).</span>
</li>
<li>
<span > </span> <a  href=""http://dront.ru/files/bereginya/2013-04/2013-04.zip""><span >«</span>Берегиня №                                                4»</a><span >, апрель 2013<span > </span> <span >(1</span> Мб).</span>
</li>
<li>
<span > </span> <a  href=""http://dront.ru/files/bereginya/2013-03/2013-03.zip""><span >«</span>Берегиня №                                                3»</a><span >, март 2013<span > </span> <span >(1</span>.1 Мб).</span>
</li>
<li>
<span > </span> <a  href=""http://dront.ru/files/bereginya/2013-02/2013-02.zip""><span >«</span>Берегиня №                                                2»</a><span >, февраль 2013<span > </span> <span >(1</span> Мб).</span>
</li>
<li>
<span > </span> <a  href=""http://dront.ru/files/bereginya/2013-01/2013-01.zip""><span >«</span>Берегиня №                                                1»</a><span >, январь 2013<span > </span> <span >(1</span> Мб).</span>
</li>
</ul>
<h3>2012 год</h3>
<ul>
<li>
<span > </span> <a href=""http://dront.ru/files/bereginya/2012-12/2012-12.zip""><span >«</span>Берегиня №                                                12»</a>, декабрь 2012<span > </span> <span >(1</span>.1 Мб).</li>
<li>
<span > </span> <a href=""http://dront.ru/files/bereginya/2012-11/2012-11.zip""><span >«</span>Берегиня №                                                11»</a>, ноябрь 2012<span > </span> <span >(1</span> Мб).</li>
<li>
<span > </span> <a href=""http://dront.ru/files/bereginya/2012-10/2012-10.rar""><span >«</span>Берегиня №                                                10»</a>, октябрь 2012<span > </span> <span >(0</span>.98 Мб).</li>
<li>
<span > </span> <a href=""http://dront.ru/files/bereginya/2012-09/2012-09.rar""><span >«</span>Берегиня №                                                9»</a>, сентябрь 2012<span > </span> <span >(0</span>.97 Мб).</li>
<li>
<span > </span> <a href=""http://dront.ru/files/bereginya/2012-07-08/2012-07-08.rar""><span >«</span>Берегиня №                                                7-8»</a>, июль-август 2012<span > </span> <span >(1</span>.53 Мб).</li>
<li>
<span > </span> <a href=""http://dront.ru/files/bereginya/2012-05-06/2012-05-06.rar""><span >«</span>Берегиня №                                                5-6»</a>, май-июнь 2012<span > </span> <span >(1</span>.31 Мб).</li>
<li>
<span > </span> <a href=""http://dront.ru/files/bereginya/2012-04/2012-04.rar""><span >«</span>Берегиня №                                                4»</a>, апрель 2012<span > </span> <span >(1</span>.2 Мб).</li>
<li>
<span > </span> <a href=""http://dront.ru/files/bereginya/2012-03/2012-03.rar""><span >«</span>Берегиня №                                                3»</a>, март 2012<span > </span> <span >(0</span>.9 Мб).</li>
<li>
<span > </span> <a href=""http://dront.ru/files/bereginya/2012-02/2012-02.rar""><span >«</span>Берегиня №                                                2»</a>, февраль 2012<span > </span> <span >(971</span> Кб).</li>
<li>
<span > </span> <a href=""http://dront.ru/files/bereginya/2012-01/2012-01.rar""><span >«</span>Берегиня №                                                1»</a>, январь 2012<span > </span> <span >(1</span> Мб).</li>
</ul>
<h3>2011 год</h3>
<ul>
<li>
<span > </span> <a href=""http://dront.ru/files/bereginya/2011-12/2011-12.rar""><span >«</span>Берегиня №                                                12»</a>, декабрь 2011<span > </span> <span >(1</span>.08 Мб).</li>
<li>
<span > </span> <a href=""http://dront.ru/files/bereginya/2011-11/2011-11.rar""><span >«</span>Берегиня №                                                11»</a>, ноябрь 2011<span > </span> <span >(1</span>.14 Мб).</li>
<li>
<span > </span> <a href=""http://dront.ru/files/bereginya/2011-10/2011-10.rar""><span >«</span>Берегиня №                                                10»</a>, октябрь 2011<span > </span> <span >(1</span>.23 Мб).</li>
<li>
<span > </span> <a href=""http://dront.ru/files/bereginya/2011-09/2011-09.rar""><span >«</span>Берегиня №                                                9»</a>, сентябрь 2011<span > </span> <span >(1</span>.08 Мб).</li>
<li>
<span > </span> <a href=""http://dront.ru/files/bereginya/2011-08/2011-08.rar""><span >«</span>Берегиня №                                                8»</a>, август 2011<span > </span> <span >(1</span> Мб). </li>
<li>
<span > </span> <a href=""http://dront.ru/files/bereginya/2011-07/2011-07.rar""><span >«</span>Берегиня №                                                7»</a>, июль 2011<span > </span> <span >(1</span>.23 Мб). </li>
<li>
<span > </span> <a href=""http://dront.ru/files/bereginya/2011-06/2011-06.rar""><span >«</span>Берегиня №                                                6»</a>, июнь 2011<span > </span> <span >(0</span>.98 Мб). </li>
<li>
<span > </span> <a href=""http://dront.ru/files/bereginya/2011-05/2011-05.rar""><span >«</span>Берегиня №                                                5»</a>, май 2011<span > </span> <span >(1</span>.04 Мб). </li>
<li>
<span > </span> <a href=""http://dront.ru/files/bereginya/2011-04/2011-04.rar""><span >«</span>Берегиня №                                                4»</a>, апрель 2011<span > </span> <span >(1</span>.21 Мб). </li>
<li>
<span > </span> <a href=""http://dront.ru/files/bereginya/2011-03/2011-03.rar""><span >«</span>Берегиня №                                                3»</a>, март 2011<span > </span> <span >(1</span>.16 Мб). </li>
<li>
<span > </span> <a href=""http://dront.ru/files/bereginya/2011-02/2011-02.rar""><span >«</span>Берегиня №                                                2»</a>, февраль 2011<span > </span> <span >(1</span>.36 Мб). </li>
<li>
<span > </span> <a href=""http://dront.ru/files/bereginya/2011-01/2011-01.rar""><span >«</span>Берегиня №                                                1»</a>, январь 2011<span > </span> <span >(1</span>.08 Мб).</li>
</ul>
<p> </p>
<h3>2010 год</h3>
<ul>
<li>
<span > </span> <a href=""http://dront.ru/files/bereginya/2010-12/2010-12.rar""><span >«</span>Берегиня №                                                12»</a>, декабрь 2010<span > </span> <span >(1</span>.06 Мб). </li>
<li>
<span > </span> <a href=""http://dront.ru/files/bereginya/2010-11/2010-11.rar""><span >«</span>Берегиня №                                                11»</a>, ноябрь 2010<span > </span> <span >(1</span>.06 Мб). </li>
<li>
<span > </span> <a href=""http://dront.ru/files/bereginya/2010-10/2010-10.rar""><span >«</span>Берегиня №                                                10»</a>, октябрь 2010<span > </span> <span >(1</span>.16 Мб). </li>
<li>
<span > </span> <a href=""http://dront.ru/files/bereginya/2010-09/2010-09.rar""><span >«</span>Берегиня №                                                9»</a>, сентябрь 2010<span > </span> <span >(1</span>.02 Мб). </li>
<li>
<span > </span> <a href=""http://dront.ru/files/bereginya/2010-08/2010-08.rar""><span >«</span>Берегиня №                                                8»</a>, август 2010<span > </span> <span >(1</span>.04 Мб). </li>
<li>
<span > </span> <a href=""http://dront.ru/files/bereginya/2010-07/2010-07.rar""><span >«</span>Берегиня №                                                7»</a>, июль 2010<span > </span> <span >(1</span>.09 Мб). </li>
<li>
<span > </span> <a href=""http://dront.ru/files/bereginya/2010-06/2010-06.rar""><span >«</span>Берегиня №                                                6»</a>, июнь 2010<span > </span> <span >(1</span>.16 Мб). </li>
<li>
<span > </span> <a href=""http://dront.ru/files/bereginya/2010-05/2010-05.rar""><span >«</span>Берегиня №                                                5»</a>, май 2010<span > </span> <span >(20</span>.2 Мб). </li>
<li>
<span > </span> <a href=""http://dront.ru/files/bereginya/2010-04/2010-04.rar""><span >«</span>Берегиня №                                                4»</a>, апрель 2010<span > </span> <span >(29</span>.3 Мб). </li>
<li>
<span > </span> <a href=""http://dront.ru/files/bereginya/2010-03/2010-03.rar""><span >«</span>Берегиня №                                                3»</a>, март 2010<span > </span> <span >(1</span>.04 Мб). </li>
<li>
<span > </span> <a href=""http://dront.ru/files/bereginya/2010-02/2010-02.rar""><span >«</span>Берегиня №                                                2»</a>, февраль 2010<span > </span> <span >(1</span>.09 Мб). </li>
<li>
<span > </span> <a href=""http://dront.ru/files/bereginya/2010-01/2010-01.rar""><span >«</span>Берегиня №                                                1»</a>, январь 2010<span > </span> <span >(1</span>.04 Мб).</li>
</ul>
<p> </p>
<h3>2009 год</h3>
<ul>
<li>
<span > </span> <a href=""http://dront.ru/files/bereginya/2009-12/2009-12.rar""><span >«</span>Берегиня №                                                12»</a>, декабрь 2009<span > </span> <span >(752</span> Кб). </li>
<li>
<span > </span> <a href=""http://dront.ru/files/bereginya/2009-11/2009-11.rar""><span >«</span>Берегиня №                                                11»</a>, ноябрь 2009<span > </span> <span >(917</span> Кб). </li>
<li>
<span > </span> <a href=""http://dront.ru/files/bereginya/2009-10/2009-10.rar""><span >«</span>Берегиня №                                                10»</a>, октябрь 2009<span > </span> <span >(901</span> Кб). </li>
<li>
<span > </span> <a href=""http://dront.ru/files/bereginya/2009-09/2009-09.rar""><span >«</span>Берегиня №                                                9»</a>, сентябрь 2009<span > </span> <span >(1</span>.01 Мб). </li>
<li>
<span > </span> <a href=""http://dront.ru/files/bereginya/2009-08/2009-08.rar""><span >«</span>Берегиня №                                                8»</a>, август 2009<span > </span> <span >(984</span> Кб). </li>
<li>
<span > </span> <a href=""http://dront.ru/files/bereginya/2009-07/2009-07.rar""><span >«</span>Берегиня №                                                7»</a>, июль 2009<span > </span> <span >(1</span>.08 Мб). </li>
<li>
<span > </span> <a href=""http://dront.ru/files/bereginya/2009-06/2009-06.rar""><span >«</span>Берегиня №                                                6»</a>, июнь 2009<span > </span> <span >(864</span> Кб). </li>
<li>
<span > </span> <a href=""http://dront.ru/files/bereginya/2009-05/2009-05.rar""><span >«</span>Берегиня №                                                5»</a>, май 2009<span > </span> <span >(893</span> Кб). </li>
<li>
<span > </span> <a href=""http://dront.ru/files/bereginya/2009-04/2009-04.rar""><span >«</span>Берегиня №                                                4»</a>, апрель 2009<span > </span> <span >(891</span> Кб). </li>
<li>
<span > </span> <a href=""http://dront.ru/files/bereginya/2009-03/2009-03.rar""><span >«</span>Берегиня №                                                3»</a>, март 2009<span > </span> <span >(832</span> Кб). </li>
<li>
<span > </span> <a href=""http://dront.ru/files/bereginya/2009-02/2009-02.rar""><span >«</span>Берегиня №                                                2»</a>, февраль 2009<span > </span> <span >(0</span>.98 Мб). </li>
<li>
<span > </span> <a href=""http://dront.ru/files/bereginya/2009-01/2009-01.rar""><span >«</span>Берегиня №                                                1»</a>, январь 2009<span > </span> <span >(1</span>.04 Мб).</li>
</ul>
<p> </p>
<h3>2008 год</h3>
<ul>
<li>
<span > </span> <a href=""http://dront.ru/files/bereginya/2008-12/2008-12.rar""><span >«</span>Берегиня №                                                12»</a>, декабрь 2008<span > </span> <span >(1</span>.01 Мб). </li>
<li>
<span > </span> <a href=""http://dront.ru/files/bereginya/2008-11/2008-11.rar""><span >«</span>Берегиня №                                                11»</a>, ноябрь 2008<span > </span> <span >(1</span>.28 Мб). </li>
<li>
<span > </span> <a href=""http://dront.ru/files/bereginya/2008-10/2008-10.rar""><span >«</span>Берегиня №                                                10»</a>, октябрь 2008<span > </span> <span >(2</span>.74 Мб). </li>
<li>
<span > </span> <a href=""http://dront.ru/files/bereginya/2008-09/2008-09.rar""><span >«</span>Берегиня №                                                9»</a>, сентябрь 2008<span > </span> <span >(1</span>.16 Мб). </li>
<li>
<span > </span> <a href=""http://dront.ru/files/bereginya/2008-08/2008-08.rar""><span >«</span>Берегиня №                                                8»</a>, август 2008<span > </span> <span >(861</span> Кб). </li>
<li>
<span > </span> <a href=""http://dront.ru/files/bereginya/2008-07/2008-07.rar""><span >«</span>Берегиня №                                                7»</a>, июль 2008<span > </span> <span >(1</span>.25 Мб). </li>
<li>
<span > </span> <a href=""http://dront.ru/files/bereginya/2008-05-06/2008-05-06.rar""><span >«</span>Берегиня №                                                5-6»</a>, май-июнь 2008<span > </span> <span >(1</span>.18 Мб). </li>
<li>
<span > </span> <a href=""http://dront.ru/files/bereginya/2008-03-04/2008-03-04.rar""><span >«</span>Берегиня №                                                3-4»</a>, март-апрель 2008<span > </span> <span >(876</span> Кб). </li>
<li>
<span > </span> <a href=""http://dront.ru/files/bereginya/2008-02/2008-02.rar""><span >«</span>Берегиня №                                                2»</a>, февраль 2008<span > </span> <span >(687</span> Кб). </li>
<li>
<span > </span> <a href=""http://dront.ru/files/bereginya/2008-01/2008-01.rar""><span >«</span>Берегиня №                                                1»</a>, январь 2008<span > </span> <span >(870</span> Кб).</li>
</ul>
<p> </p>
<h3>2007 год</h3>
<ul>
<li>
<span > </span> <a href=""http://dront.ru/files/bereginya/2007-12/2007-12.rar""><span >«</span>Берегиня №                                                12»</a>, декабрь 2007<span > </span> <span >(1</span>.21 Мб). </li>
<li>
<span > </span> <a href=""http://dront.ru/files/bereginya/2007-11/2007-11.rar""><span >«</span>Берегиня №                                                11»</a>, ноябрь 2007<span > </span> <span >(1</span>.38 Мб). </li>
<li>
<span > </span> <a href=""http://dront.ru/files/bereginya/2007-10/2007-10.rar""><span >«</span>Берегиня №                                                10»</a>, октябрь 2007<span > </span> <span >(576</span> Кб). </li>
<li>
<span > </span> <a href=""http://dront.ru/files/bereginya/2007-09/2007-09.rar""><span >«</span>Берегиня №                                                9»</a>, сентябрь 2007<span > </span> <span >(809</span> Кб). </li>
<li>
<span > </span> <a href=""http://dront.ru/files/bereginya/2007-08/2007-08.rar""><span >«</span>Берегиня №                                                8»</a>, август 2007<span > </span> <span >(768</span> Кб). </li>
<li>
<span > </span> <a href=""http://dront.ru/files/bereginya/2007-07/2007-07.rar""><span >«</span>Берегиня №                                                7»</a>, июль 2007<span > </span> <span >(1</span> Мб). </li>
<li>
<span > </span> <a href=""http://dront.ru/files/bereginya/2007-06/2007-06.rar""><span >«</span>Берегиня №                                                6»</a>, июнь 2007<span > </span> <span >(1</span>.38 Мб). </li>
<li>
<span > </span> <a href=""http://dront.ru/files/bereginya/2007-05/2007-05.rar""><span >«</span>Берегиня №                                                5»</a>, май 2007<span > </span> <span >(669</span> Кб). </li>
<li>
<span > </span> <a href=""http://dront.ru/files/bereginya/2007-04/2007-04.rar""><span >«</span>Берегиня №                                                4»</a>, апрель 2007<span > </span> <span >(623</span> Кб). </li>
<li>
<span > </span> <a href=""http://dront.ru/files/bereginya/2007-03/2007-03.rar""><span >«</span>Берегиня №                                                3»</a>, март 2007<span > </span> <span >(639</span> Кб). </li>
<li>
<span > </span> <a href=""http://dront.ru/files/bereginya/2007-02/2007-02.rar""><span >«</span>Берегиня №                                                2»</a>, февраль 2007<span > </span> <span >(687</span> Кб). </li>
<li>
<span > </span> <a href=""http://dront.ru/files/bereginya/2007-01/2007-01.rar""><span >«</span>Берегиня №                                                1»</a>, январь 2007<span > </span> <span >(1</span>.58 Мб).</li>
</ul>
<p> </p>
<h3>2005 год</h3>
<ul>
<li>
<span > </span> <a href=""http://dront.ru/files/bereginya/2005-06/2005-06.rar""><span >«</span>Берегиня №                                                6»</a>, июнь 2005<span > </span> <span >(27</span>.4 Мб).<a href=""http://dront.ru/files/bereginya/2005-04/2005-04.rar""></a><a href=""http://dront.ru/files/bereginya/2005-05/2005-05.rar""> </a>
</li>
<li>
<span > </span> <a href=""http://dront.ru/files/bereginya/2005-05/2005-05.rar""><span >«</span>Берегиня №                                                5»</a>, май 2005<span > </span> <span >(32</span>.3 Мб).<a href=""http://dront.ru/files/bereginya/2005-04/2005-04.rar""> </a>
</li>
<li>
<span > </span> <a href=""http://dront.ru/files/bereginya/2005-04/2005-04.rar""><span >«</span>Берегиня №                                                4»</a>, апрель 2005<span > </span> <span >(19</span>.9 Мб).<a href=""http://dront.ru/files/bereginya/2005-03/2005-03.rar""> </a>
</li>
<li>
<span > </span> <a href=""http://dront.ru/files/bereginya/2005-03/2005-03.rar""><span >«</span>Берегиня №                                                3»</a>, март 2005<span > </span> <span >(27</span>.4 Мб). </li>
<li>
<span > </span> <a href=""http://dront.ru/files/bereginya/2005-02/2005-02.rar""><span >«</span>Берегиня №                                                2»</a>, февраль 2005<span > </span> <span >(30</span>.4 Мб). </li>
<li>
<span > </span> <a href=""http://dront.ru/files/bereginya/2005-01/2005-01.rar""><span >«</span>Берегиня №                                                1»</a>, январь 2005<span > </span> <span >(14</span>.4 Мб).</li>
</ul>
<p> </p>
<p><span><span>Присылайте ваши отзывы на <a href=""http://dront.ru/bereginya/mailto:ber@dront.ru"">ber@dront.ru</a>.</span></span></p>
<h2>Подписка на свежие номера газеты</h2>
<p>Вы можете подписаться на печатный вариант газеты в редакции. <span>Стоимость подписки с рассылкой по России за один экземпляр — 40 руб., </span><span>на полгода — 250 руб., на год — 500 руб. Стоимость отправки одного </span><span>экземпляра в ближнее зарубежье — 60 руб., в дальнее — 75 руб.</span></p>
<h3>Реквизиты для банковского перевода:</h3>
<p>Расчетный счет <span class=""wmi-callto"">40703810529120000002</span><br>Филиал<span > </span> <span >«</span>Нижегородский» ОАО<span > </span> <span >«</span>Альфа-Банк», г.Нижний Новгород <br>Кор. счет <span class=""wmi-callto"">30101810200000000824</span><br>БИК <span class=""wmi-callto"">042202824</span></p>
<p>В назначении платежа укажите адрес, по которому нужно высылать газету.</p>
<h2>Контакты редакции</h2>
<p><span><span>Адрес: </span></span>603001, Россия, Нижний Новгород, ул. Рождественская, д. 16д, офис 213.</p>
<p><span><span>Телефон/факс:</span></span><span > </span> <span >(831</span>) 430-28-90, 430-28-81.</p>
<p><span><span>Электронная почта:</span></span> <a href=""http://dront.ru/bereginya/mailto:ber@dront.ru"">ber@dront.ru</a>.</p>
<br>

",,http://dront.ru/images/bereginya_logo.png|http://dront.ru/files/bereginya/2017/17-02.pdf|http://dront.ru/files/bereginya/2017/17-01.pdf|http://dront.ru/files/bereginya/2016/16-12.pdf|http://dront.ru/files/bereginya/2016/16-11.pdf|http://dront.ru/files/bereginya/2016/16-10.pdf|http://dront.ru/files/bereginya/2016/16-09.pdf|http://dront.ru/files/bereginya/2016/16-08.pdf|http://dront.ru/files/bereginya/2016/16-07.pdf|http://dront.ru/files/bereginya/2016/16-06.pdf|http://dront.ru/files/bereginya/2016/16-05.pdf|http://dront.ru/files/bereginya/2016/16-04.pdf|http://dront.ru/files/bereginya/2016/16-03.pdf|http://dront.ru/files/bereginya/2016/16-02.PDF|http://dront.ru/files/bereginya/2016/16-01.pdf|http://dront.ru/files/bereginya/2015/15-12.pdf|http://dront.ru/files/bereginya/2015/2015-11.zip|http://dront.ru/files/bereginya/2015/2015-10.zip|http://dront.ru/files/bereginya/2015/2015-09.zip|http://dront.ru/files/bereginya/2015/2015-08.zip|http://dront.ru/files/bereginya/2015/2015-07.zip|http://dront.ru/files/bereginya/2015/2015-06.zip|http://dront.ru/files/bereginya/2015/2015-05.zip|http://dront.ru/files/bereginya/2015/2015-04.zip|http://dront.ru/files/bereginya/2015/2015-03.zip|http://dront.ru/files/bereginya/2015/2015-02.rar|http://dront.ru/files/bereginya/2015/2015-01.rar|http://dront.ru/files/bereginya/2014-12.rar|http://dront.ru/files/bereginya/2014-11.rar|http://dront.ru/files/bereginya/2014-10.rar|http://dront.ru/files/bereginya/2014-09.rar|http://dront.ru/files/bereginya/2014-08.rar|http://dront.ru/files/bereginya/2014-07.rar|http://dront.ru/files/bereginya/2014-06.rar|http://dront.ru/files/bereginya/2014-05.rar|http://dront.ru/files/bereginya/2014-04.rar|http://dront.ru/files/bereginya/2014-03.rar|http://dront.ru/files/bereginya/2014-02.rar|http://dront.ru/files/bereginya/2014-01.rar|http://dront.ru/files/bereginya/2013-12/2013-12.rar|http://dront.ru/files/bereginya/2013-11/2013-11.rar|http://dront.ru/files/bereginya/2013-10/2013-10.rar|http://dront.ru/files/bereginya/2013-09/2013-09.rar|http://dront.ru/files/bereginya/2013-08/2013-08.zip|http://dront.ru/files/bereginya/2013-07/2013-07.zip|http://dront.ru/files/bereginya/2013-06/2013-06.zip|http://dront.ru/files/bereginya/2013-05/2013-05.zip|http://dront.ru/files/bereginya/2013-04/2013-04.zip|http://dront.ru/files/bereginya/2013-03/2013-03.zip|http://dront.ru/files/bereginya/2013-02/2013-02.zip|http://dront.ru/files/bereginya/2013-01/2013-01.zip|http://dront.ru/files/bereginya/2012-12/2012-12.zip|http://dront.ru/files/bereginya/2012-11/2012-11.zip|http://dront.ru/files/bereginya/2012-10/2012-10.rar|http://dront.ru/files/bereginya/2012-09/2012-09.rar|http://dront.ru/files/bereginya/2012-07-08/2012-07-08.rar|http://dront.ru/files/bereginya/2012-05-06/2012-05-06.rar|http://dront.ru/files/bereginya/2012-04/2012-04.rar|http://dront.ru/files/bereginya/2012-03/2012-03.rar|http://dront.ru/files/bereginya/2012-02/2012-02.rar|http://dront.ru/files/bereginya/2012-01/2012-01.rar|http://dront.ru/files/bereginya/2011-12/2011-12.rar|http://dront.ru/files/bereginya/2011-11/2011-11.rar|http://dront.ru/files/bereginya/2011-10/2011-10.rar|http://dront.ru/files/bereginya/2011-09/2011-09.rar|http://dront.ru/files/bereginya/2011-08/2011-08.rar|http://dront.ru/files/bereginya/2011-07/2011-07.rar|http://dront.ru/files/bereginya/2011-06/2011-06.rar|http://dront.ru/files/bereginya/2011-05/2011-05.rar|http://dront.ru/files/bereginya/2011-04/2011-04.rar|http://dront.ru/files/bereginya/2011-03/2011-03.rar|http://dront.ru/files/bereginya/2011-02/2011-02.rar|http://dront.ru/files/bereginya/2011-01/2011-01.rar|http://dront.ru/files/bereginya/2010-12/2010-12.rar|http://dront.ru/files/bereginya/2010-11/2010-11.rar|http://dront.ru/files/bereginya/2010-10/2010-10.rar|http://dront.ru/files/bereginya/2010-09/2010-09.rar|http://dront.ru/files/bereginya/2010-08/2010-08.rar|http://dront.ru/files/bereginya/2010-07/2010-07.rar|http://dront.ru/files/bereginya/2010-06/2010-06.rar|http://dront.ru/files/bereginya/2010-05/2010-05.rar|http://dront.ru/files/bereginya/2010-04/2010-04.rar|http://dront.ru/files/bereginya/2010-03/2010-03.rar|http://dront.ru/files/bereginya/2010-02/2010-02.rar|http://dront.ru/files/bereginya/2010-01/2010-01.rar|http://dront.ru/files/bereginya/2009-12/2009-12.rar|http://dront.ru/files/bereginya/2009-11/2009-11.rar|http://dront.ru/files/bereginya/2009-10/2009-10.rar|http://dront.ru/files/bereginya/2009-09/2009-09.rar|http://dront.ru/files/bereginya/2009-08/2009-08.rar|http://dront.ru/files/bereginya/2009-07/2009-07.rar|http://dront.ru/files/bereginya/2009-06/2009-06.rar|http://dront.ru/files/bereginya/2009-05/2009-05.rar|http://dront.ru/files/bereginya/2009-04/2009-04.rar|http://dront.ru/files/bereginya/2009-03/2009-03.rar|http://dront.ru/files/bereginya/2009-02/2009-02.rar|http://dront.ru/files/bereginya/2009-01/2009-01.rar|http://dront.ru/files/bereginya/2008-12/2008-12.rar|http://dront.ru/files/bereginya/2008-11/2008-11.rar|http://dront.ru/files/bereginya/2008-10/2008-10.rar|http://dront.ru/files/bereginya/2008-09/2008-09.rar|http://dront.ru/files/bereginya/2008-08/2008-08.rar|http://dront.ru/files/bereginya/2008-07/2008-07.rar|http://dront.ru/files/bereginya/2008-05-06/2008-05-06.rar|http://dront.ru/files/bereginya/2008-03-04/2008-03-04.rar|http://dront.ru/files/bereginya/2008-02/2008-02.rar|http://dront.ru/files/bereginya/2008-01/2008-01.rar|http://dront.ru/files/bereginya/2007-12/2007-12.rar|http://dront.ru/files/bereginya/2007-11/2007-11.rar|http://dront.ru/files/bereginya/2007-10/2007-10.rar|http://dront.ru/files/bereginya/2007-09/2007-09.rar|http://dront.ru/files/bereginya/2007-08/2007-08.rar|http://dront.ru/files/bereginya/2007-07/2007-07.rar|http://dront.ru/files/bereginya/2007-06/2007-06.rar|http://dront.ru/files/bereginya/2007-05/2007-05.rar|http://dront.ru/files/bereginya/2007-04/2007-04.rar|http://dront.ru/files/bereginya/2007-03/2007-03.rar|http://dront.ru/files/bereginya/2007-02/2007-02.rar|http://dront.ru/files/bereginya/2007-01/2007-01.rar|http://dront.ru/files/bereginya/2005-06/2005-06.rar|http://dront.ru/files/bereginya/2005-04/2005-04.rar|http://dront.ru/files/bereginya/2005-05/2005-05.rar|http://dront.ru/files/bereginya/2005-05/2005-05.rar|http://dront.ru/files/bereginya/2005-04/2005-04.rar|http://dront.ru/files/bereginya/2005-04/2005-04.rar|http://dront.ru/files/bereginya/2005-03/2005-03.rar|http://dront.ru/files/bereginya/2005-03/2005-03.rar|http://dront.ru/files/bereginya/2005-02/2005-02.rar|http://dront.ru/files/bereginya/2005-01/2005-01.rar,
